Geolocation,Commodity,Date_String,Price,Date,Month_Index
MIMAROPA REGION,Chili pepper fruit (Siling labuyo),2022 January,32.66,1/1/2022,12
MIMAROPA REGION,Chili pepper fruit (Siling labuyo),2022 February,37.09,2/1/2022,13
MIMAROPA REGION,Chili pepper fruit (Siling labuyo),2022 March,35.65,3/1/2022,14
MIMAROPA REGION,Chili pepper fruit (Siling labuyo),2022 April,45.82,4/1/2022,15
MIMAROPA REGION,Chili pepper fruit (Siling labuyo),2022 May,58.75,5/1/2022,16
MIMAROPA REGION,Chili pepper fruit (Siling labuyo),2022 June,61.61,6/1/2022,17
MIMAROPA REGION,Chili pepper fruit (Siling labuyo),2022 July,62.76,7/1/2022,18
MIMAROPA REGION,Chili pepper fruit (Siling labuyo),2022 August,63.76,8/1/2022,19
MIMAROPA REGION,Chili pepper fruit (Siling labuyo),2022 September,43.26,9/1/2022,20
MIMAROPA REGION,Chili pepper fruit (Siling labuyo),2022 October,52.6,10/1/2022,21
MIMAROPA REGION,Chili pepper fruit (Siling labuyo),2022 November,82.03,11/1/2022,22
MIMAROPA REGION,Chili pepper fruit (Siling labuyo),2022 December,97.12,12/1/2022,23
MIMAROPA REGION,Chili pepper fruit (Siling labuyo),2023 January,81.5,1/1/2023,24
MIMAROPA REGION,Chili pepper fruit (Siling labuyo),2023 February,72.88,2/1/2023,25
MIMAROPA REGION,Chili pepper fruit (Siling labuyo),2023 March,68.86,3/1/2023,26
MIMAROPA REGION,Chili pepper fruit (Siling labuyo),2023 April,71.78,4/1/2023,27
MIMAROPA REGION,Chili pepper fruit (Siling labuyo),2023 May,57.59,5/1/2023,28
MIMAROPA REGION,Chili pepper fruit (Siling labuyo),2023 June,47.28,6/1/2023,29
MIMAROPA REGION,Chili pepper fruit (Siling labuyo),2023 July,43.85,7/1/2023,30
MIMAROPA REGION,Chili pepper fruit (Siling labuyo),2023 August,47.36,8/1/2023,31
MIMAROPA REGION,Chili pepper fruit (Siling labuyo),2023 September,47.41,9/1/2023,32
MIMAROPA REGION,Chili pepper fruit (Siling labuyo),2023 October,53.26,10/1/2023,33
MIMAROPA REGION,Chili pepper fruit (Siling labuyo),2023 November,42.78,11/1/2023,34
MIMAROPA REGION,Chili pepper fruit (Siling labuyo),2023 December,40.92,12/1/2023,35
MIMAROPA REGION,Chili pepper fruit (Siling labuyo),2024 January,76.6,1/1/2024,36
MIMAROPA REGION,Chili pepper fruit (Siling labuyo),2024 February,94.64,2/1/2024,37
MIMAROPA REGION,Chili pepper fruit (Siling labuyo),2024 March,98.89,3/1/2024,38
MIMAROPA REGION,Chili pepper fruit (Siling labuyo),2024 April,115,4/1/2024,39
MIMAROPA REGION,Chili pepper fruit (Siling labuyo),2024 May,105,5/1/2024,40
MIMAROPA REGION,Chili pepper fruit (Siling labuyo),2024 June,105,6/1/2024,41
MIMAROPA REGION,Chili pepper fruit (Siling labuyo),2024 July,60,7/1/2024,42
MIMAROPA REGION,Chili pepper fruit (Siling labuyo),2024 August,90,8/1/2024,43
MIMAROPA REGION,Chili pepper fruit (Siling labuyo),2024 September,36.36,9/1/2024,44
MIMAROPA REGION,Chili pepper fruit (Siling labuyo),2024 October,49.75,10/1/2024,45
MIMAROPA REGION,Chili pepper fruit (Siling labuyo),2024 November,176.88,11/1/2024,46
MIMAROPA REGION,Chili pepper fruit (Siling labuyo),2024 December,64.09,12/1/2024,47
MIMAROPA REGION,Chili pepper fruit (Siling labuyo),2025 January,85,1/1/2025,48
MIMAROPA REGION,Chili pepper fruit (Siling labuyo),2025 February,598,2/1/2025,49
MIMAROPA REGION,Chili pepper fruit (Siling labuyo),2025 March,115,3/1/2025,50
MIMAROPA REGION,Chili pepper fruit (Siling labuyo),2025 April,150,4/1/2025,51
MIMAROPA REGION,Chili pepper fruit (Siling labuyo),2025 May,50,5/1/2025,52
MIMAROPA REGION,Chili pepper fruit (Siling labuyo),2025 June,30,6/1/2025,53
MIMAROPA REGION,Chili pepper fruit (Siling labuyo),2025 July,58.44,7/1/2025,54
MIMAROPA REGION,Chili pepper fruit (Siling labuyo),2025 August,50.68,8/1/2025,55
MIMAROPA REGION,Chili pepper fruit (Siling labuyo),2025 September,53.53,9/1/2025,56
MIMAROPA REGION,Chili pepper fruit (Siling labuyo),2025 October,75,10/1/2025,57
MIMAROPA REGION,Chili pepper fruit (Siling labuyo),2025 November,100,11/1/2025,58
MIMAROPA REGION,Chili pepper fruit (Siling labuyo),2025 December,100,12/1/2025,59
MIMAROPA REGION,"Garlic, dried bulb",2021 March,113.21,3/1/2021,2
MIMAROPA REGION,"Garlic, dried bulb",2021 April,75.73,4/1/2021,3
MIMAROPA REGION,"Garlic, dried bulb",2021 May,82.66,5/1/2021,4
MIMAROPA REGION,"Garlic, dried bulb",2021 June,100,6/1/2021,5
MIMAROPA REGION,"Garlic, dried bulb",2022 January,75,1/1/2022,12
MIMAROPA REGION,"Garlic, dried bulb",2022 February,58.85,2/1/2022,13
MIMAROPA REGION,"Garlic, dried bulb",2022 March,107.45,3/1/2022,14
MIMAROPA REGION,"Garlic, dried bulb",2022 April,110.03,4/1/2022,15
MIMAROPA REGION,"Garlic, dried bulb",2022 May,118.29,5/1/2022,16
MIMAROPA REGION,"Garlic, dried bulb",2022 July,81.05,7/1/2022,18
MIMAROPA REGION,"Garlic, dried bulb",2022 August,67.27,8/1/2022,19
MIMAROPA REGION,"Garlic, dried bulb",2022 September,63.33,9/1/2022,20
MIMAROPA REGION,"Garlic, dried bulb",2022 October,70,10/1/2022,21
MIMAROPA REGION,"Garlic, dried bulb",2023 February,71.57,2/1/2023,25
MIMAROPA REGION,"Garlic, dried bulb",2023 March,102.69,3/1/2023,26
MIMAROPA REGION,"Garlic, dried bulb",2023 April,110.31,4/1/2023,27
MIMAROPA REGION,"Garlic, dried bulb",2023 May,64.9,5/1/2023,28
MIMAROPA REGION,"Garlic, dried bulb",2023 August,35,8/1/2023,31
MIMAROPA REGION,"Garlic, dried bulb",2024 March,150,3/1/2024,38
MIMAROPA REGION,"Garlic, dried bulb",2024 April,85,4/1/2024,39
MIMAROPA REGION,"Garlic, dried bulb",2024 May,80,5/1/2024,40
MIMAROPA REGION,"Garlic, dried bulb",2024 June,80,6/1/2024,41
MIMAROPA REGION,"Garlic, dried bulb",2025 April,93.33,4/1/2025,51
MIMAROPA REGION,"Garlic, dried bulb",2025 May,85,5/1/2025,52
MIMAROPA REGION,"Garlic, dried bulb",2025 June,80,6/1/2025,53
MIMAROPA REGION,"Ginger, Hawaiian",2021 January,45.44,1/1/2021,0
MIMAROPA REGION,"Ginger, Hawaiian",2021 February,43.98,2/1/2021,1
MIMAROPA REGION,"Ginger, Hawaiian",2021 March,55.87,3/1/2021,2
MIMAROPA REGION,"Ginger, Hawaiian",2021 April,49.93,4/1/2021,3
MIMAROPA REGION,"Ginger, Hawaiian",2021 May,54.69,5/1/2021,4
MIMAROPA REGION,"Ginger, Hawaiian",2021 June,61.72,6/1/2021,5
MIMAROPA REGION,"Ginger, Hawaiian",2021 July,66.07,7/1/2021,6
MIMAROPA REGION,"Ginger, Hawaiian",2021 August,71.2,8/1/2021,7
MIMAROPA REGION,"Ginger, Hawaiian",2021 September,45.43,9/1/2021,8
MIMAROPA REGION,"Ginger, Hawaiian",2021 October,40.6,10/1/2021,9
MIMAROPA REGION,"Ginger, Hawaiian",2021 November,33.51,11/1/2021,10
MIMAROPA REGION,"Ginger, Hawaiian",2021 December,32.18,12/1/2021,11
MIMAROPA REGION,"Ginger, Hawaiian",2022 January,29.91,1/1/2022,12
MIMAROPA REGION,"Ginger, Hawaiian",2022 February,31.44,2/1/2022,13
MIMAROPA REGION,"Ginger, Hawaiian",2022 March,31.64,3/1/2022,14
MIMAROPA REGION,"Ginger, Hawaiian",2022 April,33.7,4/1/2022,15
MIMAROPA REGION,"Ginger, Hawaiian",2022 May,37.41,5/1/2022,16
MIMAROPA REGION,"Ginger, Hawaiian",2022 June,34.33,6/1/2022,17
MIMAROPA REGION,"Ginger, Hawaiian",2022 July,29.65,7/1/2022,18
MIMAROPA REGION,"Ginger, Hawaiian",2022 August,26.72,8/1/2022,19
MIMAROPA REGION,"Ginger, Hawaiian",2022 September,28.79,9/1/2022,20
MIMAROPA REGION,"Ginger, Hawaiian",2022 October,28.33,10/1/2022,21
MIMAROPA REGION,"Ginger, Hawaiian",2022 November,28.91,11/1/2022,22
MIMAROPA REGION,"Ginger, Hawaiian",2022 December,27.39,12/1/2022,23
MIMAROPA REGION,"Ginger, Hawaiian",2023 January,28.1,1/1/2023,24
MIMAROPA REGION,"Ginger, Hawaiian",2023 February,24.03,2/1/2023,25
MIMAROPA REGION,"Ginger, Hawaiian",2023 March,23.42,3/1/2023,26
MIMAROPA REGION,"Ginger, Hawaiian",2023 April,23.1,4/1/2023,27
MIMAROPA REGION,"Ginger, Hawaiian",2023 May,22.96,5/1/2023,28
MIMAROPA REGION,"Ginger, Hawaiian",2023 June,23.91,6/1/2023,29
MIMAROPA REGION,"Ginger, Hawaiian",2023 July,22.46,7/1/2023,30
MIMAROPA REGION,"Ginger, Hawaiian",2023 August,25.08,8/1/2023,31
MIMAROPA REGION,"Ginger, Hawaiian",2023 September,24.59,9/1/2023,32
MIMAROPA REGION,"Ginger, Hawaiian",2023 October,28.6,10/1/2023,33
MIMAROPA REGION,"Ginger, Hawaiian",2023 November,24.7,11/1/2023,34
MIMAROPA REGION,"Ginger, Hawaiian",2023 December,26.45,12/1/2023,35
MIMAROPA REGION,"Ginger, Hawaiian",2024 January,27.5,1/1/2024,36
MIMAROPA REGION,"Ginger, Hawaiian",2024 February,25,2/1/2024,37
MIMAROPA REGION,"Ginger, Hawaiian",2024 March,22.5,3/1/2024,38
MIMAROPA REGION,"Ginger, Hawaiian",2024 April,25,4/1/2024,39
MIMAROPA REGION,"Ginger, Hawaiian",2024 May,25,5/1/2024,40
MIMAROPA REGION,"Ginger, Hawaiian",2024 June,30,6/1/2024,41
MIMAROPA REGION,"Ginger, Hawaiian",2024 July,30,7/1/2024,42
MIMAROPA REGION,"Ginger, Hawaiian",2024 August,27.5,8/1/2024,43
MIMAROPA REGION,"Ginger, Hawaiian",2024 September,28.5,9/1/2024,44
MIMAROPA REGION,"Ginger, Hawaiian",2024 October,20,10/1/2024,45
MIMAROPA REGION,"Ginger, Hawaiian",2024 November,25,11/1/2024,46
MIMAROPA REGION,"Ginger, Hawaiian",2024 December,25,12/1/2024,47
MIMAROPA REGION,"Ginger, Hawaiian",2025 January,30,1/1/2025,48
MIMAROPA REGION,"Ginger, Hawaiian",2025 February,28,2/1/2025,49
MIMAROPA REGION,"Ginger, Hawaiian",2025 March,22,3/1/2025,50
MIMAROPA REGION,"Ginger, Hawaiian",2025 April,30,4/1/2025,51
MIMAROPA REGION,"Ginger, Hawaiian",2025 May,30,5/1/2025,52
MIMAROPA REGION,"Ginger, Hawaiian",2025 June,35,6/1/2025,53
MIMAROPA REGION,"Ginger, Hawaiian",2025 July,30,7/1/2025,54
MIMAROPA REGION,"Ginger, Hawaiian",2025 August,30,8/1/2025,55
MIMAROPA REGION,"Ginger, Hawaiian",2025 September,35,9/1/2025,56
MIMAROPA REGION,"Ginger, Hawaiian",2025 October,37.5,10/1/2025,57
MIMAROPA REGION,"Ginger, Hawaiian",2025 November,35,11/1/2025,58
MIMAROPA REGION,"Ginger, Hawaiian",2025 December,35,12/1/2025,59
MIMAROPA REGION,"Ginger, Native",2021 January,80,1/1/2021,0
MIMAROPA REGION,"Ginger, Native",2021 February,61.1,2/1/2021,1
MIMAROPA REGION,"Ginger, Native",2021 March,71.32,3/1/2021,2
MIMAROPA REGION,"Ginger, Native",2021 April,75.35,4/1/2021,3
MIMAROPA REGION,"Ginger, Native",2021 May,81.29,5/1/2021,4
MIMAROPA REGION,"Ginger, Native",2021 June,96.05,6/1/2021,5
MIMAROPA REGION,"Ginger, Native",2021 July,82.64,7/1/2021,6
MIMAROPA REGION,"Ginger, Native",2021 August,60.89,8/1/2021,7
MIMAROPA REGION,"Ginger, Native",2021 September,84.08,9/1/2021,8
MIMAROPA REGION,"Ginger, Native",2021 October,75.71,10/1/2021,9
MIMAROPA REGION,"Ginger, Native",2021 November,60.85,11/1/2021,10
MIMAROPA REGION,"Ginger, Native",2021 December,51.09,12/1/2021,11
MIMAROPA REGION,"Ginger, Native",2022 January,42.63,1/1/2022,12
MIMAROPA REGION,"Ginger, Native",2022 February,49.9,2/1/2022,13
MIMAROPA REGION,"Ginger, Native",2022 March,47.78,3/1/2022,14
MIMAROPA REGION,"Ginger, Native",2022 April,49.6,4/1/2022,15
MIMAROPA REGION,"Ginger, Native",2022 May,53.09,5/1/2022,16
MIMAROPA REGION,"Ginger, Native",2022 June,52.18,6/1/2022,17
MIMAROPA REGION,"Ginger, Native",2022 July,46.1,7/1/2022,18
MIMAROPA REGION,"Ginger, Native",2022 August,54.17,8/1/2022,19
MIMAROPA REGION,"Ginger, Native",2022 September,51.99,9/1/2022,20
MIMAROPA REGION,"Ginger, Native",2022 October,57.36,10/1/2022,21
MIMAROPA REGION,"Ginger, Native",2022 November,60.48,11/1/2022,22
MIMAROPA REGION,"Ginger, Native",2022 December,62.19,12/1/2022,23
MIMAROPA REGION,"Ginger, Native",2023 January,53.44,1/1/2023,24
MIMAROPA REGION,"Ginger, Native",2023 February,43.32,2/1/2023,25
MIMAROPA REGION,"Ginger, Native",2023 March,31.41,3/1/2023,26
MIMAROPA REGION,"Ginger, Native",2023 April,31.33,4/1/2023,27
MIMAROPA REGION,"Ginger, Native",2023 May,36.24,5/1/2023,28
MIMAROPA REGION,"Ginger, Native",2023 June,30.78,6/1/2023,29
MIMAROPA REGION,"Ginger, Native",2023 July,32.61,7/1/2023,30
MIMAROPA REGION,"Ginger, Native",2023 August,39.89,8/1/2023,31
MIMAROPA REGION,"Ginger, Native",2023 September,53.57,9/1/2023,32
MIMAROPA REGION,"Ginger, Native",2023 October,51.74,10/1/2023,33
MIMAROPA REGION,"Ginger, Native",2023 November,51.77,11/1/2023,34
MIMAROPA REGION,"Ginger, Native",2023 December,45.44,12/1/2023,35
MIMAROPA REGION,"Ginger, Native",2024 January,40,1/1/2024,36
MIMAROPA REGION,"Ginger, Native",2024 February,45,2/1/2024,37
MIMAROPA REGION,"Ginger, Native",2024 March,40,3/1/2024,38
MIMAROPA REGION,"Ginger, Native",2024 April,46.68,4/1/2024,39
MIMAROPA REGION,"Ginger, Native",2024 May,50,5/1/2024,40
MIMAROPA REGION,"Ginger, Native",2024 June,50,6/1/2024,41
MIMAROPA REGION,"Ginger, Native",2024 July,58.21,7/1/2024,42
MIMAROPA REGION,"Ginger, Native",2024 August,54.8,8/1/2024,43
MIMAROPA REGION,"Ginger, Native",2024 September,50,9/1/2024,44
MIMAROPA REGION,"Ginger, Native",2024 October,80,10/1/2024,45
MIMAROPA REGION,"Ginger, Native",2025 February,115.87,2/1/2025,49
MIMAROPA REGION,"Ginger, Native",2025 March,89.25,3/1/2025,50
MIMAROPA REGION,"Ginger, Native",2025 April,20,4/1/2025,51
MIMAROPA REGION,"Ginger, Native",2025 May,65,5/1/2025,52
MIMAROPA REGION,"Ginger, Native",2025 June,65,6/1/2025,53
MIMAROPA REGION,"Ginger, Native",2025 July,90,7/1/2025,54
MIMAROPA REGION,"Ginger, Native",2025 August,60,8/1/2025,55
MIMAROPA REGION,"Ginger, Native",2025 September,60,9/1/2025,56
MIMAROPA REGION,"Ginger, Native",2025 October,50,10/1/2025,57
MIMAROPA REGION,"Ginger, Native",2025 November,40,11/1/2025,58
MIMAROPA REGION,"Ginger, Native",2025 December,63.33,12/1/2025,59
MIMAROPA REGION,"Onion, red creole (Bermuda red)",2021 February,60,2/1/2021,1
MIMAROPA REGION,"Onion, red creole (Bermuda red)",2021 March,41.02,3/1/2021,2
MIMAROPA REGION,"Onion, red creole (Bermuda red)",2021 April,39.94,4/1/2021,3
MIMAROPA REGION,"Onion, red creole (Bermuda red)",2021 May,50.91,5/1/2021,4
MIMAROPA REGION,"Onion, red creole (Bermuda red)",2021 June,46.42,6/1/2021,5
MIMAROPA REGION,"Onion, red creole (Bermuda red)",2022 January,125.65,1/1/2022,12
MIMAROPA REGION,"Onion, red creole (Bermuda red)",2022 February,24.02,2/1/2022,13
MIMAROPA REGION,"Onion, red creole (Bermuda red)",2022 March,16.68,3/1/2022,14
MIMAROPA REGION,"Onion, red creole (Bermuda red)",2022 April,22.66,4/1/2022,15
MIMAROPA REGION,"Onion, red creole (Bermuda red)",2022 May,25.54,5/1/2022,16
MIMAROPA REGION,"Onion, red creole (Bermuda red)",2022 June,31.26,6/1/2022,17
MIMAROPA REGION,"Onion, red creole (Bermuda red)",2023 January,150.43,1/1/2023,24
MIMAROPA REGION,"Onion, red creole (Bermuda red)",2023 February,64.3,2/1/2023,25
MIMAROPA REGION,"Onion, red creole (Bermuda red)",2023 March,46.45,3/1/2023,26
MIMAROPA REGION,"Onion, red creole (Bermuda red)",2023 April,63.79,4/1/2023,27
MIMAROPA REGION,"Onion, red creole (Bermuda red)",2023 May,60.31,5/1/2023,28
MIMAROPA REGION,"Onion, red creole (Bermuda red)",2024 February,34,2/1/2024,37
MIMAROPA REGION,"Onion, red creole (Bermuda red)",2024 March,32.59,3/1/2024,38
MIMAROPA REGION,"Onion, red creole (Bermuda red)",2024 April,40,4/1/2024,39
MIMAROPA REGION,"Onion, red creole (Bermuda red)",2024 May,50,5/1/2024,40
MIMAROPA REGION,"Onion, red creole (Bermuda red)",2025 February,44.27,2/1/2025,49
MIMAROPA REGION,"Onion, red creole (Bermuda red)",2025 March,43.62,3/1/2025,50
MIMAROPA REGION,"Onion, red creole (Bermuda red)",2025 April,45.1,4/1/2025,51
MIMAROPA REGION,"Onion, red creole (Bermuda red)",2025 May,47,5/1/2025,52
MIMAROPA REGION,"Onion, red creole (Bermuda red)",2025 August,51.89,8/1/2025,55
MIMAROPA REGION,"Onion, red creole (Bermuda red)",2025 October,53.51,10/1/2025,57
MIMAROPA REGION,"Onion, red creole (Bermuda red)",2025 November,52.5,11/1/2025,58
MIMAROPA REGION,"Onion, red shallot (Sibuyas Tagalog)",2021 March,80,3/1/2021,2
MIMAROPA REGION,"Onion, red shallot (Sibuyas Tagalog)",2023 February,116.67,2/1/2023,25
MIMAROPA REGION,"Onion, red shallot (Sibuyas Tagalog)",2024 February,54.74,2/1/2024,37
MIMAROPA REGION,"Onion, red shallot (Sibuyas Tagalog)",2024 March,55,3/1/2024,38
MIMAROPA REGION,"Onion, red shallot (Sibuyas Tagalog)",2024 April,18.56,4/1/2024,39
MIMAROPA REGION,"Onion, red shallot (Sibuyas Tagalog)",2025 March,44,3/1/2025,50
MIMAROPA REGION,"Onion, red shallot (Sibuyas Tagalog)",2025 April,45,4/1/2025,51
MIMAROPA REGION,"Onion, red shallot (Sibuyas Tagalog)",2025 May,50,5/1/2025,52
MIMAROPA REGION,"Onion, red shallot (Sibuyas Tagalog)",2025 November,92.41,11/1/2025,58
MIMAROPA REGION,"Onion, yellow granex (Bermuda white)",2025 April,60,4/1/2025,51
MIMAROPA REGION,"Onion, yellow granex (Bermuda white)",2025 May,65,5/1/2025,52
MIMAROPA REGION,Paminta [Black pepper],2021 January,313.33,1/1/2021,0
MIMAROPA REGION,Paminta [Black pepper],2021 February,263.01,2/1/2021,1
MIMAROPA REGION,Paminta [Black pepper],2021 March,282.22,3/1/2021,2
MIMAROPA REGION,Paminta [Black pepper],2021 April,289.62,4/1/2021,3
MIMAROPA REGION,Paminta [Black pepper],2021 May,293.4,5/1/2021,4
MIMAROPA REGION,Paminta [Black pepper],2021 June,296.05,6/1/2021,5
MIMAROPA REGION,Paminta [Black pepper],2021 July,327.94,7/1/2021,6
MIMAROPA REGION,Paminta [Black pepper],2021 August,267.06,8/1/2021,7
MIMAROPA REGION,Paminta [Black pepper],2021 September,285.09,9/1/2021,8
MIMAROPA REGION,Paminta [Black pepper],2021 October,262.04,10/1/2021,9
MIMAROPA REGION,Paminta [Black pepper],2021 November,227.18,11/1/2021,10
MIMAROPA REGION,Paminta [Black pepper],2021 December,264.83,12/1/2021,11
MIMAROPA REGION,Paminta [Black pepper],2022 January,293.08,1/1/2022,12
MIMAROPA REGION,Paminta [Black pepper],2022 February,289.72,2/1/2022,13
MIMAROPA REGION,Paminta [Black pepper],2022 March,212.88,3/1/2022,14
MIMAROPA REGION,Paminta [Black pepper],2022 April,268.62,4/1/2022,15
MIMAROPA REGION,Paminta [Black pepper],2022 May,265.46,5/1/2022,16
MIMAROPA REGION,Paminta [Black pepper],2022 June,244.68,6/1/2022,17
MIMAROPA REGION,Paminta [Black pepper],2022 July,288.57,7/1/2022,18
MIMAROPA REGION,Paminta [Black pepper],2022 August,311.77,8/1/2022,19
MIMAROPA REGION,Paminta [Black pepper],2022 September,267.27,9/1/2022,20
MIMAROPA REGION,Paminta [Black pepper],2022 October,268.1,10/1/2022,21
MIMAROPA REGION,Paminta [Black pepper],2022 November,273.73,11/1/2022,22
MIMAROPA REGION,Paminta [Black pepper],2022 December,279.73,12/1/2022,23
MIMAROPA REGION,Paminta [Black pepper],2023 January,330.61,1/1/2023,24
MIMAROPA REGION,Paminta [Black pepper],2023 February,311.8,2/1/2023,25
MIMAROPA REGION,Paminta [Black pepper],2023 March,288.96,3/1/2023,26
MIMAROPA REGION,Paminta [Black pepper],2023 April,267.08,4/1/2023,27
MIMAROPA REGION,Paminta [Black pepper],2023 May,226.79,5/1/2023,28
MIMAROPA REGION,Paminta [Black pepper],2023 June,257.96,6/1/2023,29
MIMAROPA REGION,Paminta [Black pepper],2023 July,309.29,7/1/2023,30
MIMAROPA REGION,Paminta [Black pepper],2023 August,295.33,8/1/2023,31
MIMAROPA REGION,Paminta [Black pepper],2023 September,293.49,9/1/2023,32
MIMAROPA REGION,Paminta [Black pepper],2023 October,297.14,10/1/2023,33
MIMAROPA REGION,Paminta [Black pepper],2023 November,316.89,11/1/2023,34
MIMAROPA REGION,Paminta [Black pepper],2023 December,313.87,12/1/2023,35
MIMAROPA REGION,Paminta [Black pepper],2024 January,330,1/1/2024,36
MIMAROPA REGION,Paminta [Black pepper],2024 February,320,2/1/2024,37
MIMAROPA REGION,Paminta [Black pepper],2024 March,320,3/1/2024,38
MIMAROPA REGION,Paminta [Black pepper],2024 April,500,4/1/2024,39
MIMAROPA REGION,Paminta [Black pepper],2024 May,500,5/1/2024,40
MIMAROPA REGION,Paminta [Black pepper],2024 June,400,6/1/2024,41
MIMAROPA REGION,Paminta [Black pepper],2024 July,280,7/1/2024,42
MIMAROPA REGION,Paminta [Black pepper],2024 August,280,8/1/2024,43
MIMAROPA REGION,Paminta [Black pepper],2024 September,227.12,9/1/2024,44
MIMAROPA REGION,Paminta [Black pepper],2025 January,232.5,1/1/2025,48
MIMAROPA REGION,Paminta [Black pepper],2025 February,222.5,2/1/2025,49
MIMAROPA REGION,Paminta [Black pepper],2025 March,207.5,3/1/2025,50
MIMAROPA REGION,Paminta [Black pepper],2025 April,350,4/1/2025,51
MIMAROPA REGION,Paminta [Black pepper],2025 May,380,5/1/2025,52
MIMAROPA REGION,Paminta [Black pepper],2025 June,400,6/1/2025,53
MIMAROPA REGION,Paminta [Black pepper],2025 July,400,7/1/2025,54
MIMAROPA REGION,Paminta [Black pepper],2025 August,380,8/1/2025,55
MIMAROPA REGION,Paminta [Black pepper],2025 September,350,9/1/2025,56
MIMAROPA REGION,Paminta [Black pepper],2025 October,380,10/1/2025,57
MIMAROPA REGION,Paminta [Black pepper],2025 November,400,11/1/2025,58
MIMAROPA REGION,Paminta [Black pepper],2025 December,400,12/1/2025,59
MIMAROPA REGION,"Pepper, bell",2021 January,87.12,1/1/2021,0
MIMAROPA REGION,"Pepper, bell",2021 February,80.54,2/1/2021,1
MIMAROPA REGION,"Pepper, bell",2021 March,70.16,3/1/2021,2
MIMAROPA REGION,"Pepper, bell",2021 April,72.29,4/1/2021,3
MIMAROPA REGION,"Pepper, bell",2021 May,53.09,5/1/2021,4
MIMAROPA REGION,"Pepper, bell",2021 June,54.49,6/1/2021,5
MIMAROPA REGION,"Pepper, bell",2021 July,49.94,7/1/2021,6
MIMAROPA REGION,"Pepper, bell",2021 August,78.07,8/1/2021,7
MIMAROPA REGION,"Pepper, bell",2021 September,88.26,9/1/2021,8
MIMAROPA REGION,"Pepper, bell",2021 October,71.17,10/1/2021,9
MIMAROPA REGION,"Pepper, bell",2021 November,125.92,11/1/2021,10
MIMAROPA REGION,"Pepper, bell",2021 December,139.89,12/1/2021,11
MIMAROPA REGION,"Pepper, bell",2022 January,90.48,1/1/2022,12
MIMAROPA REGION,"Pepper, bell",2022 February,101.93,2/1/2022,13
MIMAROPA REGION,"Pepper, bell",2022 March,80.05,3/1/2022,14
MIMAROPA REGION,"Pepper, bell",2022 April,63.06,4/1/2022,15
MIMAROPA REGION,"Pepper, bell",2022 May,65.54,5/1/2022,16
MIMAROPA REGION,"Pepper, bell",2022 June,51.1,6/1/2022,17
MIMAROPA REGION,"Pepper, bell",2022 July,99.21,7/1/2022,18
MIMAROPA REGION,"Pepper, bell",2022 August,107.25,8/1/2022,19
MIMAROPA REGION,"Pepper, bell",2022 September,84.58,9/1/2022,20
MIMAROPA REGION,"Pepper, bell",2022 October,94.62,10/1/2022,21
MIMAROPA REGION,"Pepper, bell",2022 November,91.16,11/1/2022,22
MIMAROPA REGION,"Pepper, bell",2022 December,117.53,12/1/2022,23
MIMAROPA REGION,"Pepper, bell",2023 January,125.42,1/1/2023,24
MIMAROPA REGION,"Pepper, bell",2023 February,103.25,2/1/2023,25
MIMAROPA REGION,"Pepper, bell",2023 March,100,3/1/2023,26
MIMAROPA REGION,"Pepper, bell",2023 April,84.06,4/1/2023,27
MIMAROPA REGION,"Pepper, bell",2023 May,97.95,5/1/2023,28
MIMAROPA REGION,"Pepper, bell",2023 June,86.34,6/1/2023,29
MIMAROPA REGION,"Pepper, bell",2023 July,79.82,7/1/2023,30
MIMAROPA REGION,"Pepper, bell",2023 August,87.99,8/1/2023,31
MIMAROPA REGION,"Pepper, bell",2023 September,93.93,9/1/2023,32
MIMAROPA REGION,"Pepper, bell",2023 October,80.63,10/1/2023,33
MIMAROPA REGION,"Pepper, bell",2023 November,85.23,11/1/2023,34
MIMAROPA REGION,"Pepper, bell",2023 December,100.34,12/1/2023,35
MIMAROPA REGION,"Pepper, bell",2024 January,200,1/1/2024,36
MIMAROPA REGION,"Pepper, bell",2024 February,200,2/1/2024,37
MIMAROPA REGION,"Pepper, bell",2024 April,150,4/1/2024,39
MIMAROPA REGION,"Pepper, bell",2024 May,150,5/1/2024,40
MIMAROPA REGION,"Pepper, bell",2024 June,160,6/1/2024,41
MIMAROPA REGION,"Pepper, bell",2024 July,125,7/1/2024,42
MIMAROPA REGION,"Pepper, bell",2024 August,125,8/1/2024,43
MIMAROPA REGION,"Pepper, bell",2024 September,127.5,9/1/2024,44
MIMAROPA REGION,"Pepper, bell",2024 November,60,11/1/2024,46
MIMAROPA REGION,"Pepper, bell",2025 April,160,4/1/2025,51
MIMAROPA REGION,"Pepper, bell",2025 May,170,5/1/2025,52
MIMAROPA REGION,"Pepper, bell",2025 June,175,6/1/2025,53
MIMAROPA REGION,"Pepper, bell",2025 July,175,7/1/2025,54
MIMAROPA REGION,"Pepper, bell",2025 August,100,8/1/2025,55
MIMAROPA REGION,"Pepper, bell",2025 September,175,9/1/2025,56
MIMAROPA REGION,"Pepper, bell",2025 October,175,10/1/2025,57
MIMAROPA REGION,"Pepper, bell",2025 November,180,11/1/2025,58
MIMAROPA REGION,"Pepper, bell",2025 December,182,12/1/2025,59
MIMAROPA REGION,"Pepper, finger",2021 January,88.64,1/1/2021,0
MIMAROPA REGION,"Pepper, finger",2021 February,57.13,2/1/2021,1
MIMAROPA REGION,"Pepper, finger",2021 March,38.83,3/1/2021,2
MIMAROPA REGION,"Pepper, finger",2021 April,34.26,4/1/2021,3
MIMAROPA REGION,"Pepper, finger",2021 May,29.16,5/1/2021,4
MIMAROPA REGION,"Pepper, finger",2021 June,34.25,6/1/2021,5
MIMAROPA REGION,"Pepper, finger",2021 July,30.09,7/1/2021,6
MIMAROPA REGION,"Pepper, finger",2021 August,45.45,8/1/2021,7
MIMAROPA REGION,"Pepper, finger",2021 September,46.01,9/1/2021,8
MIMAROPA REGION,"Pepper, finger",2021 October,51.51,10/1/2021,9
MIMAROPA REGION,"Pepper, finger",2021 November,58.6,11/1/2021,10
MIMAROPA REGION,"Pepper, finger",2021 December,55.96,12/1/2021,11
MIMAROPA REGION,"Pepper, finger",2022 January,49.52,1/1/2022,12
MIMAROPA REGION,"Pepper, finger",2022 February,55.27,2/1/2022,13
MIMAROPA REGION,"Pepper, finger",2022 March,50.73,3/1/2022,14
MIMAROPA REGION,"Pepper, finger",2022 April,46.97,4/1/2022,15
MIMAROPA REGION,"Pepper, finger",2022 May,46.56,5/1/2022,16
MIMAROPA REGION,"Pepper, finger",2022 June,45.31,6/1/2022,17
MIMAROPA REGION,"Pepper, finger",2022 July,51.29,7/1/2022,18
MIMAROPA REGION,"Pepper, finger",2022 August,46.45,8/1/2022,19
MIMAROPA REGION,"Pepper, finger",2022 September,45.25,9/1/2022,20
MIMAROPA REGION,"Pepper, finger",2022 October,46.64,10/1/2022,21
MIMAROPA REGION,"Pepper, finger",2022 November,56.89,11/1/2022,22
MIMAROPA REGION,"Pepper, finger",2022 December,66.89,12/1/2022,23
MIMAROPA REGION,"Pepper, finger",2023 January,71.8,1/1/2023,24
MIMAROPA REGION,"Pepper, finger",2023 February,55.02,2/1/2023,25
MIMAROPA REGION,"Pepper, finger",2023 March,55.2,3/1/2023,26
MIMAROPA REGION,"Pepper, finger",2023 April,45.37,4/1/2023,27
MIMAROPA REGION,"Pepper, finger",2023 May,40.19,5/1/2023,28
MIMAROPA REGION,"Pepper, finger",2023 June,40.77,6/1/2023,29
MIMAROPA REGION,"Pepper, finger",2023 July,49,7/1/2023,30
MIMAROPA REGION,"Pepper, finger",2023 August,57.4,8/1/2023,31
MIMAROPA REGION,"Pepper, finger",2023 September,57.74,9/1/2023,32
MIMAROPA REGION,"Pepper, finger",2023 October,49.32,10/1/2023,33
MIMAROPA REGION,"Pepper, finger",2023 November,56.9,11/1/2023,34
MIMAROPA REGION,"Pepper, finger",2023 December,53.96,12/1/2023,35
MIMAROPA REGION,"Pepper, finger",2024 January,38.5,1/1/2024,36
MIMAROPA REGION,"Pepper, finger",2024 February,42.43,2/1/2024,37
MIMAROPA REGION,"Pepper, finger",2024 March,53.55,3/1/2024,38
MIMAROPA REGION,"Pepper, finger",2024 April,33.98,4/1/2024,39
MIMAROPA REGION,"Pepper, finger",2024 May,33.64,5/1/2024,40
MIMAROPA REGION,"Pepper, finger",2024 June,34.09,6/1/2024,41
MIMAROPA REGION,"Pepper, finger",2024 July,46.22,7/1/2024,42
MIMAROPA REGION,"Pepper, finger",2024 August,49.67,8/1/2024,43
MIMAROPA REGION,"Pepper, finger",2024 September,29.34,9/1/2024,44
MIMAROPA REGION,"Pepper, finger",2024 October,61.09,10/1/2024,45
MIMAROPA REGION,"Pepper, finger",2024 November,63.52,11/1/2024,46
MIMAROPA REGION,"Pepper, finger",2024 December,100,12/1/2024,47
MIMAROPA REGION,"Pepper, finger",2025 January,104.55,1/1/2025,48
MIMAROPA REGION,"Pepper, finger",2025 February,101.76,2/1/2025,49
MIMAROPA REGION,"Pepper, finger",2025 March,14.43,3/1/2025,50
MIMAROPA REGION,"Pepper, finger",2025 April,47.91,4/1/2025,51
MIMAROPA REGION,"Pepper, finger",2025 May,51.68,5/1/2025,52
MIMAROPA REGION,"Pepper, finger",2025 June,43.64,6/1/2025,53
MIMAROPA REGION,"Pepper, finger",2025 July,28,7/1/2025,54
MIMAROPA REGION,"Pepper, finger",2025 August,99.09,8/1/2025,55
MIMAROPA REGION,"Pepper, finger",2025 September,32.36,9/1/2025,56
MIMAROPA REGION,"Pepper, finger",2025 October,83.28,10/1/2025,57
MIMAROPA REGION,"Pepper, finger",2025 November,102.71,11/1/2025,58
MIMAROPA REGION,"Pepper, finger",2025 December,75,12/1/2025,59
Marinduque,"Garlic, dried bulb",2021 March,195,3/1/2021,2
Marinduque,"Garlic, dried bulb",2022 March,195.38,3/1/2022,14
Marinduque,"Garlic, dried bulb",2022 April,165.11,4/1/2022,15
Marinduque,"Garlic, dried bulb",2022 May,140,5/1/2022,16
Marinduque,"Garlic, dried bulb",2023 March,162.5,3/1/2023,26
Marinduque,"Garlic, dried bulb",2023 April,150,4/1/2023,27
Marinduque,"Ginger, Native",2021 January,80,1/1/2021,0
Marinduque,"Ginger, Native",2021 February,61.1,2/1/2021,1
Marinduque,"Ginger, Native",2021 March,71.32,3/1/2021,2
Marinduque,"Ginger, Native",2021 April,75.35,4/1/2021,3
Marinduque,"Ginger, Native",2021 May,81.29,5/1/2021,4
Marinduque,"Ginger, Native",2021 June,96.05,6/1/2021,5
Marinduque,"Ginger, Native",2021 July,82.64,7/1/2021,6
Marinduque,"Ginger, Native",2021 August,60.89,8/1/2021,7
Marinduque,"Ginger, Native",2021 September,84.08,9/1/2021,8
Marinduque,"Ginger, Native",2021 October,75.71,10/1/2021,9
Marinduque,"Ginger, Native",2021 November,60.85,11/1/2021,10
Marinduque,"Ginger, Native",2021 December,51.09,12/1/2021,11
Marinduque,"Ginger, Native",2022 January,42.63,1/1/2022,12
Marinduque,"Ginger, Native",2022 February,49.9,2/1/2022,13
Marinduque,"Ginger, Native",2022 March,47.78,3/1/2022,14
Marinduque,"Ginger, Native",2022 April,49.6,4/1/2022,15
Marinduque,"Ginger, Native",2022 May,53.09,5/1/2022,16
Marinduque,"Ginger, Native",2022 June,52.18,6/1/2022,17
Marinduque,"Ginger, Native",2022 July,46.1,7/1/2022,18
Marinduque,"Ginger, Native",2022 August,54.17,8/1/2022,19
Marinduque,"Ginger, Native",2022 September,51.99,9/1/2022,20
Marinduque,"Ginger, Native",2022 October,57.36,10/1/2022,21
Marinduque,"Ginger, Native",2022 November,60.48,11/1/2022,22
Marinduque,"Ginger, Native",2022 December,62.19,12/1/2022,23
Marinduque,"Ginger, Native",2023 January,53.44,1/1/2023,24
Marinduque,"Ginger, Native",2023 February,43.32,2/1/2023,25
Marinduque,"Ginger, Native",2023 March,31.41,3/1/2023,26
Marinduque,"Ginger, Native",2023 April,31.33,4/1/2023,27
Marinduque,"Ginger, Native",2023 May,36.24,5/1/2023,28
Marinduque,"Ginger, Native",2023 June,30.78,6/1/2023,29
Marinduque,"Ginger, Native",2023 July,32.61,7/1/2023,30
Marinduque,"Ginger, Native",2023 August,39.89,8/1/2023,31
Marinduque,"Ginger, Native",2023 September,53.57,9/1/2023,32
Marinduque,"Ginger, Native",2023 October,51.74,10/1/2023,33
Marinduque,"Ginger, Native",2023 November,51.77,11/1/2023,34
Marinduque,"Ginger, Native",2023 December,45.44,12/1/2023,35
Marinduque,"Ginger, Native",2024 January,40,1/1/2024,36
Marinduque,"Ginger, Native",2024 February,40,2/1/2024,37
Marinduque,"Ginger, Native",2024 March,40,3/1/2024,38
Marinduque,"Ginger, Native",2024 July,50,7/1/2024,42
Marinduque,"Ginger, Native",2024 August,50,8/1/2024,43
Marinduque,"Ginger, Native",2024 September,50,9/1/2024,44
Marinduque,"Ginger, Native",2024 October,80,10/1/2024,45
Marinduque,"Ginger, Native",2025 October,90,10/1/2025,57
Marinduque,"Ginger, Native",2025 November,90,11/1/2025,58
Marinduque,"Ginger, Native",2025 December,90,12/1/2025,59
Marinduque,"Onion, red shallot (Sibuyas Tagalog)",2021 March,80,3/1/2021,2
Marinduque,Paminta [Black pepper],2024 August,280,8/1/2024,43
Marinduque,Paminta [Black pepper],2024 September,280,9/1/2024,44
Marinduque,"Pepper, finger",2021 January,151.17,1/1/2021,0
Marinduque,"Pepper, finger",2021 February,99.52,2/1/2021,1
Marinduque,"Pepper, finger",2021 March,55.49,3/1/2021,2
Marinduque,"Pepper, finger",2021 April,54.46,4/1/2021,3
Marinduque,"Pepper, finger",2021 May,52.54,5/1/2021,4
Marinduque,"Pepper, finger",2021 June,54.21,6/1/2021,5
Marinduque,"Pepper, finger",2021 July,49.77,7/1/2021,6
Marinduque,"Pepper, finger",2021 August,53.55,8/1/2021,7
Marinduque,"Pepper, finger",2021 September,50.17,9/1/2021,8
Marinduque,"Pepper, finger",2021 October,55.22,10/1/2021,9
Marinduque,"Pepper, finger",2021 November,53.66,11/1/2021,10
Marinduque,"Pepper, finger",2021 December,55.56,12/1/2021,11
Marinduque,"Pepper, finger",2022 January,54.25,1/1/2022,12
Marinduque,"Pepper, finger",2022 February,58.39,2/1/2022,13
Marinduque,"Pepper, finger",2022 March,59.55,3/1/2022,14
Marinduque,"Pepper, finger",2022 April,62,4/1/2022,15
Marinduque,"Pepper, finger",2022 May,54.69,5/1/2022,16
Marinduque,"Pepper, finger",2022 June,56.14,6/1/2022,17
Marinduque,"Pepper, finger",2022 July,59.25,7/1/2022,18
Marinduque,"Pepper, finger",2022 August,55.45,8/1/2022,19
Marinduque,"Pepper, finger",2022 September,56.32,9/1/2022,20
Marinduque,"Pepper, finger",2022 October,65.26,10/1/2022,21
Marinduque,"Pepper, finger",2022 November,70.91,11/1/2022,22
Marinduque,"Pepper, finger",2022 December,77.56,12/1/2022,23
Marinduque,"Pepper, finger",2023 January,94.42,1/1/2023,24
Marinduque,"Pepper, finger",2023 February,75.49,2/1/2023,25
Marinduque,"Pepper, finger",2023 March,90.38,3/1/2023,26
Marinduque,"Pepper, finger",2023 April,64.88,4/1/2023,27
Marinduque,"Pepper, finger",2023 May,51.73,5/1/2023,28
Marinduque,"Pepper, finger",2023 June,54.91,6/1/2023,29
Marinduque,"Pepper, finger",2023 July,63.14,7/1/2023,30
Marinduque,"Pepper, finger",2023 August,65.89,8/1/2023,31
Marinduque,"Pepper, finger",2023 September,77.97,9/1/2023,32
Marinduque,"Pepper, finger",2023 October,67.26,10/1/2023,33
Marinduque,"Pepper, finger",2023 November,72.24,11/1/2023,34
Marinduque,"Pepper, finger",2023 December,74.82,12/1/2023,35
Marinduque,"Pepper, finger",2024 January,46.3,1/1/2024,36
Marinduque,"Pepper, finger",2024 February,46.3,2/1/2024,37
Marinduque,"Pepper, finger",2024 March,50,3/1/2024,38
Marinduque,"Pepper, finger",2024 July,70,7/1/2024,42
Marinduque,"Pepper, finger",2024 August,70,8/1/2024,43
Marinduque,"Pepper, finger",2024 October,83.28,10/1/2024,45
Marinduque,"Pepper, finger",2024 November,100,11/1/2024,46
Marinduque,"Pepper, finger",2024 December,100,12/1/2024,47
Marinduque,"Pepper, finger",2025 January,90,1/1/2025,48
Marinduque,"Pepper, finger",2025 February,100,2/1/2025,49
Marinduque,"Pepper, finger",2025 March,100,3/1/2025,50
Marinduque,"Pepper, finger",2025 April,60,4/1/2025,51
Marinduque,"Pepper, finger",2025 May,60,5/1/2025,52
Marinduque,"Pepper, finger",2025 June,64.19,6/1/2025,53
Marinduque,"Pepper, finger",2025 October,67.73,10/1/2025,57
Marinduque,"Pepper, finger",2025 November,70,11/1/2025,58
Marinduque,"Pepper, finger",2025 December,70,12/1/2025,59
Occidental Mindoro,Chili pepper fruit (Siling labuyo),2024 January,73.2,1/1/2024,36
Occidental Mindoro,Chili pepper fruit (Siling labuyo),2024 February,109.27,2/1/2024,37
Occidental Mindoro,Chili pepper fruit (Siling labuyo),2024 March,70,3/1/2024,38
Occidental Mindoro,Chili pepper fruit (Siling labuyo),2024 July,75,7/1/2024,42
Occidental Mindoro,Chili pepper fruit (Siling labuyo),2024 August,75,8/1/2024,43
Occidental Mindoro,Chili pepper fruit (Siling labuyo),2024 October,49.5,10/1/2024,45
Occidental Mindoro,Chili pepper fruit (Siling labuyo),2024 December,68.18,12/1/2024,47
Occidental Mindoro,Chili pepper fruit (Siling labuyo),2025 April,150,4/1/2025,51
Occidental Mindoro,Chili pepper fruit (Siling labuyo),2025 May,50,5/1/2025,52
Occidental Mindoro,Chili pepper fruit (Siling labuyo),2025 June,30,6/1/2025,53
Occidental Mindoro,Chili pepper fruit (Siling labuyo),2025 July,63.38,7/1/2025,54
Occidental Mindoro,Chili pepper fruit (Siling labuyo),2025 August,77.57,8/1/2025,55
Occidental Mindoro,Chili pepper fruit (Siling labuyo),2025 October,75,10/1/2025,57
Occidental Mindoro,Chili pepper fruit (Siling labuyo),2025 November,70,11/1/2025,58
Occidental Mindoro,Chili pepper fruit (Siling labuyo),2025 December,70,12/1/2025,59
Occidental Mindoro,"Garlic, dried bulb",2021 March,74.63,3/1/2021,2
Occidental Mindoro,"Garlic, dried bulb",2021 April,50.36,4/1/2021,3
Occidental Mindoro,"Garlic, dried bulb",2021 May,69.65,5/1/2021,4
Occidental Mindoro,"Garlic, dried bulb",2022 January,75,1/1/2022,12
Occidental Mindoro,"Garlic, dried bulb",2022 March,88.24,3/1/2022,14
Occidental Mindoro,"Garlic, dried bulb",2022 May,143.65,5/1/2022,16
Occidental Mindoro,"Garlic, dried bulb",2022 July,81.05,7/1/2022,18
Occidental Mindoro,"Garlic, dried bulb",2022 August,67.27,8/1/2022,19
Occidental Mindoro,"Garlic, dried bulb",2022 September,63.33,9/1/2022,20
Occidental Mindoro,"Garlic, dried bulb",2022 October,70,10/1/2022,21
Occidental Mindoro,"Garlic, dried bulb",2023 March,86.49,3/1/2023,26
Occidental Mindoro,"Garlic, dried bulb",2023 August,35,8/1/2023,31
Occidental Mindoro,"Garlic, dried bulb",2024 March,150,3/1/2024,38
Occidental Mindoro,"Garlic, dried bulb",2025 April,80,4/1/2025,51
Occidental Mindoro,"Garlic, dried bulb",2025 May,90,5/1/2025,52
Occidental Mindoro,"Garlic, dried bulb",2025 June,80,6/1/2025,53
Occidental Mindoro,"Ginger, Hawaiian",2021 January,52.69,1/1/2021,0
Occidental Mindoro,"Ginger, Hawaiian",2021 February,39.54,2/1/2021,1
Occidental Mindoro,"Ginger, Hawaiian",2021 March,65.92,3/1/2021,2
Occidental Mindoro,"Ginger, Hawaiian",2021 April,60.59,4/1/2021,3
Occidental Mindoro,"Ginger, Hawaiian",2021 May,64.48,5/1/2021,4
Occidental Mindoro,"Ginger, Hawaiian",2021 June,60,6/1/2021,5
Occidental Mindoro,"Ginger, Hawaiian",2021 July,76.24,7/1/2021,6
Occidental Mindoro,"Ginger, Hawaiian",2021 August,83.01,8/1/2021,7
Occidental Mindoro,"Ginger, Hawaiian",2021 September,52.93,9/1/2021,8
Occidental Mindoro,"Ginger, Hawaiian",2021 October,46.42,10/1/2021,9
Occidental Mindoro,"Ginger, Hawaiian",2021 November,24.68,11/1/2021,10
Occidental Mindoro,"Ginger, Hawaiian",2021 December,20.82,12/1/2021,11
Occidental Mindoro,"Ginger, Hawaiian",2022 January,27.83,1/1/2022,12
Occidental Mindoro,"Ginger, Hawaiian",2022 February,29.44,2/1/2022,13
Occidental Mindoro,"Ginger, Hawaiian",2022 March,34.95,3/1/2022,14
Occidental Mindoro,"Ginger, Hawaiian",2022 April,42.62,4/1/2022,15
Occidental Mindoro,"Ginger, Hawaiian",2022 May,44.62,5/1/2022,16
Occidental Mindoro,"Ginger, Hawaiian",2022 June,36.95,6/1/2022,17
Occidental Mindoro,"Ginger, Hawaiian",2022 July,31.17,7/1/2022,18
Occidental Mindoro,"Ginger, Hawaiian",2022 August,28.28,8/1/2022,19
Occidental Mindoro,"Ginger, Hawaiian",2022 September,34.67,9/1/2022,20
Occidental Mindoro,"Ginger, Hawaiian",2022 October,27.6,10/1/2022,21
Occidental Mindoro,"Ginger, Hawaiian",2022 November,25.99,11/1/2022,22
Occidental Mindoro,"Ginger, Hawaiian",2022 December,24.26,12/1/2022,23
Occidental Mindoro,"Ginger, Hawaiian",2023 January,23.99,1/1/2023,24
Occidental Mindoro,"Ginger, Hawaiian",2023 February,23.88,2/1/2023,25
Occidental Mindoro,"Ginger, Hawaiian",2023 March,21.75,3/1/2023,26
Occidental Mindoro,"Ginger, Hawaiian",2023 April,22.87,4/1/2023,27
Occidental Mindoro,"Ginger, Hawaiian",2023 May,20.39,5/1/2023,28
Occidental Mindoro,"Ginger, Hawaiian",2023 June,22.9,6/1/2023,29
Occidental Mindoro,"Ginger, Hawaiian",2023 July,23.29,7/1/2023,30
Occidental Mindoro,"Ginger, Hawaiian",2023 August,27.96,8/1/2023,31
Occidental Mindoro,"Ginger, Hawaiian",2023 September,27.07,9/1/2023,32
Occidental Mindoro,"Ginger, Hawaiian",2023 October,27.23,10/1/2023,33
Occidental Mindoro,"Ginger, Hawaiian",2023 November,23.16,11/1/2023,34
Occidental Mindoro,"Ginger, Hawaiian",2023 December,24.08,12/1/2023,35
Occidental Mindoro,"Ginger, Hawaiian",2024 October,20,10/1/2024,45
Occidental Mindoro,"Ginger, Hawaiian",2024 November,25,11/1/2024,46
Occidental Mindoro,"Ginger, Hawaiian",2024 December,25,12/1/2024,47
Occidental Mindoro,"Ginger, Hawaiian",2025 October,35,10/1/2025,57
Occidental Mindoro,"Ginger, Hawaiian",2025 November,30,11/1/2025,58
Occidental Mindoro,"Ginger, Hawaiian",2025 December,30,12/1/2025,59
Occidental Mindoro,"Ginger, Native",2024 April,120,4/1/2024,39
Occidental Mindoro,"Ginger, Native",2024 July,69.63,7/1/2024,42
Occidental Mindoro,"Ginger, Native",2024 August,59.4,8/1/2024,43
Occidental Mindoro,"Ginger, Native",2025 February,50,2/1/2025,49
Occidental Mindoro,"Ginger, Native",2025 April,70,4/1/2025,51
Occidental Mindoro,"Ginger, Native",2025 May,70,5/1/2025,52
Occidental Mindoro,"Ginger, Native",2025 June,70,6/1/2025,53
Occidental Mindoro,"Ginger, Native",2025 July,90,7/1/2025,54
Occidental Mindoro,"Ginger, Native",2025 October,50,10/1/2025,57
Occidental Mindoro,"Onion, red creole (Bermuda red)",2021 February,60,2/1/2021,1
Occidental Mindoro,"Onion, red creole (Bermuda red)",2021 March,42.74,3/1/2021,2
Occidental Mindoro,"Onion, red creole (Bermuda red)",2021 April,40.61,4/1/2021,3
Occidental Mindoro,"Onion, red creole (Bermuda red)",2021 May,47.44,5/1/2021,4
Occidental Mindoro,"Onion, red creole (Bermuda red)",2021 June,39.66,6/1/2021,5
Occidental Mindoro,"Onion, red creole (Bermuda red)",2022 January,125.65,1/1/2022,12
Occidental Mindoro,"Onion, red creole (Bermuda red)",2022 February,24.44,2/1/2022,13
Occidental Mindoro,"Onion, red creole (Bermuda red)",2022 March,16.75,3/1/2022,14
Occidental Mindoro,"Onion, red creole (Bermuda red)",2022 April,17.67,4/1/2022,15
Occidental Mindoro,"Onion, red creole (Bermuda red)",2022 May,21.32,5/1/2022,16
Occidental Mindoro,"Onion, red creole (Bermuda red)",2022 June,31.26,6/1/2022,17
Occidental Mindoro,"Onion, red creole (Bermuda red)",2023 January,150.43,1/1/2023,24
Occidental Mindoro,"Onion, red creole (Bermuda red)",2023 February,79.93,2/1/2023,25
Occidental Mindoro,"Onion, red creole (Bermuda red)",2023 March,52.16,3/1/2023,26
Occidental Mindoro,"Onion, red creole (Bermuda red)",2023 April,70.08,4/1/2023,27
Occidental Mindoro,"Onion, red creole (Bermuda red)",2023 May,64.39,5/1/2023,28
Occidental Mindoro,"Onion, red creole (Bermuda red)",2024 February,30,2/1/2024,37
Occidental Mindoro,"Onion, red creole (Bermuda red)",2024 March,30,3/1/2024,38
Occidental Mindoro,"Onion, red creole (Bermuda red)",2025 February,44.27,2/1/2025,49
Occidental Mindoro,"Onion, red creole (Bermuda red)",2025 March,43.55,3/1/2025,50
Occidental Mindoro,"Onion, red creole (Bermuda red)",2025 April,45.1,4/1/2025,51
Occidental Mindoro,"Onion, red creole (Bermuda red)",2025 May,47,5/1/2025,52
Occidental Mindoro,"Onion, red creole (Bermuda red)",2025 August,51.89,8/1/2025,55
Occidental Mindoro,"Onion, red creole (Bermuda red)",2025 October,53.51,10/1/2025,57
Occidental Mindoro,"Onion, red creole (Bermuda red)",2025 November,52.5,11/1/2025,58
Occidental Mindoro,"Onion, red shallot (Sibuyas Tagalog)",2023 February,116.67,2/1/2023,25
Occidental Mindoro,"Onion, red shallot (Sibuyas Tagalog)",2024 February,54.74,2/1/2024,37
Occidental Mindoro,"Onion, red shallot (Sibuyas Tagalog)",2024 March,55,3/1/2024,38
Occidental Mindoro,"Onion, red shallot (Sibuyas Tagalog)",2024 April,18.56,4/1/2024,39
Occidental Mindoro,"Onion, red shallot (Sibuyas Tagalog)",2025 March,44,3/1/2025,50
Occidental Mindoro,"Onion, red shallot (Sibuyas Tagalog)",2025 April,45,4/1/2025,51
Occidental Mindoro,"Onion, red shallot (Sibuyas Tagalog)",2025 May,50,5/1/2025,52
Occidental Mindoro,"Onion, red shallot (Sibuyas Tagalog)",2025 November,92.41,11/1/2025,58
Occidental Mindoro,"Onion, yellow granex (Bermuda white)",2025 April,60,4/1/2025,51
Occidental Mindoro,"Onion, yellow granex (Bermuda white)",2025 May,65,5/1/2025,52
Occidental Mindoro,"Pepper, finger",2021 January,72.96,1/1/2021,0
Occidental Mindoro,"Pepper, finger",2021 February,29.45,2/1/2021,1
Occidental Mindoro,"Pepper, finger",2021 March,17.26,3/1/2021,2
Occidental Mindoro,"Pepper, finger",2021 April,11.92,4/1/2021,3
Occidental Mindoro,"Pepper, finger",2021 May,9.75,5/1/2021,4
Occidental Mindoro,"Pepper, finger",2021 June,24.05,6/1/2021,5
Occidental Mindoro,"Pepper, finger",2021 July,18.38,7/1/2021,6
Occidental Mindoro,"Pepper, finger",2021 August,36.26,8/1/2021,7
Occidental Mindoro,"Pepper, finger",2021 September,28.73,9/1/2021,8
Occidental Mindoro,"Pepper, finger",2021 October,43.65,10/1/2021,9
Occidental Mindoro,"Pepper, finger",2021 November,42.42,11/1/2021,10
Occidental Mindoro,"Pepper, finger",2021 December,39.45,12/1/2021,11
Occidental Mindoro,"Pepper, finger",2022 January,30.49,1/1/2022,12
Occidental Mindoro,"Pepper, finger",2022 February,47.24,2/1/2022,13
Occidental Mindoro,"Pepper, finger",2022 March,31.71,3/1/2022,14
Occidental Mindoro,"Pepper, finger",2022 April,39.89,4/1/2022,15
Occidental Mindoro,"Pepper, finger",2022 May,42.39,5/1/2022,16
Occidental Mindoro,"Pepper, finger",2022 June,32.7,6/1/2022,17
Occidental Mindoro,"Pepper, finger",2022 July,45.09,7/1/2022,18
Occidental Mindoro,"Pepper, finger",2022 August,29.74,8/1/2022,19
Occidental Mindoro,"Pepper, finger",2022 September,35.2,9/1/2022,20
Occidental Mindoro,"Pepper, finger",2022 October,46.18,10/1/2022,21
Occidental Mindoro,"Pepper, finger",2022 November,78.61,11/1/2022,22
Occidental Mindoro,"Pepper, finger",2022 December,70.57,12/1/2022,23
Occidental Mindoro,"Pepper, finger",2023 January,50.98,1/1/2023,24
Occidental Mindoro,"Pepper, finger",2023 February,27.78,2/1/2023,25
Occidental Mindoro,"Pepper, finger",2023 March,17.28,3/1/2023,26
Occidental Mindoro,"Pepper, finger",2023 April,20.11,4/1/2023,27
Occidental Mindoro,"Pepper, finger",2023 May,28.26,5/1/2023,28
Occidental Mindoro,"Pepper, finger",2023 June,35.78,6/1/2023,29
Occidental Mindoro,"Pepper, finger",2023 July,48.4,7/1/2023,30
Occidental Mindoro,"Pepper, finger",2023 August,68,8/1/2023,31
Occidental Mindoro,"Pepper, finger",2023 September,64.83,9/1/2023,32
Occidental Mindoro,"Pepper, finger",2023 October,34.54,10/1/2023,33
Occidental Mindoro,"Pepper, finger",2023 November,51.32,11/1/2023,34
Occidental Mindoro,"Pepper, finger",2023 December,34.77,12/1/2023,35
Occidental Mindoro,"Pepper, finger",2024 July,18.67,7/1/2024,42
Occidental Mindoro,"Pepper, finger",2024 August,18.67,8/1/2024,43
Occidental Mindoro,"Pepper, finger",2024 September,18.67,9/1/2024,44
Occidental Mindoro,"Pepper, finger",2024 October,20,10/1/2024,45
Occidental Mindoro,"Pepper, finger",2024 November,30,11/1/2024,46
Occidental Mindoro,"Pepper, finger",2025 March,14.43,3/1/2025,50
Occidental Mindoro,"Pepper, finger",2025 April,43.44,4/1/2025,51
Occidental Mindoro,"Pepper, finger",2025 May,55.51,5/1/2025,52
Occidental Mindoro,"Pepper, finger",2025 June,10,6/1/2025,53
Occidental Mindoro,"Pepper, finger",2025 August,120,8/1/2025,55
Occidental Mindoro,"Pepper, finger",2025 October,93.19,10/1/2025,57
Occidental Mindoro,"Pepper, finger",2025 November,100,11/1/2025,58
Oriental Mindoro,Chili pepper fruit (Siling labuyo),2022 January,32.66,1/1/2022,12
Oriental Mindoro,Chili pepper fruit (Siling labuyo),2022 February,37.09,2/1/2022,13
Oriental Mindoro,Chili pepper fruit (Siling labuyo),2022 March,35.65,3/1/2022,14
Oriental Mindoro,Chili pepper fruit (Siling labuyo),2022 April,45.82,4/1/2022,15
Oriental Mindoro,Chili pepper fruit (Siling labuyo),2022 May,58.75,5/1/2022,16
Oriental Mindoro,Chili pepper fruit (Siling labuyo),2022 June,61.61,6/1/2022,17
Oriental Mindoro,Chili pepper fruit (Siling labuyo),2022 July,62.76,7/1/2022,18
Oriental Mindoro,Chili pepper fruit (Siling labuyo),2022 August,63.76,8/1/2022,19
Oriental Mindoro,Chili pepper fruit (Siling labuyo),2022 September,43.26,9/1/2022,20
Oriental Mindoro,Chili pepper fruit (Siling labuyo),2022 October,52.6,10/1/2022,21
Oriental Mindoro,Chili pepper fruit (Siling labuyo),2022 November,82.03,11/1/2022,22
Oriental Mindoro,Chili pepper fruit (Siling labuyo),2022 December,97.12,12/1/2022,23
Oriental Mindoro,Chili pepper fruit (Siling labuyo),2023 January,81.5,1/1/2023,24
Oriental Mindoro,Chili pepper fruit (Siling labuyo),2023 February,72.88,2/1/2023,25
Oriental Mindoro,Chili pepper fruit (Siling labuyo),2023 March,68.86,3/1/2023,26
Oriental Mindoro,Chili pepper fruit (Siling labuyo),2023 April,71.78,4/1/2023,27
Oriental Mindoro,Chili pepper fruit (Siling labuyo),2023 May,57.59,5/1/2023,28
Oriental Mindoro,Chili pepper fruit (Siling labuyo),2023 June,47.28,6/1/2023,29
Oriental Mindoro,Chili pepper fruit (Siling labuyo),2023 July,43.85,7/1/2023,30
Oriental Mindoro,Chili pepper fruit (Siling labuyo),2023 August,47.36,8/1/2023,31
Oriental Mindoro,Chili pepper fruit (Siling labuyo),2023 September,47.41,9/1/2023,32
Oriental Mindoro,Chili pepper fruit (Siling labuyo),2023 October,53.26,10/1/2023,33
Oriental Mindoro,Chili pepper fruit (Siling labuyo),2023 November,42.78,11/1/2023,34
Oriental Mindoro,Chili pepper fruit (Siling labuyo),2023 December,40.92,12/1/2023,35
Oriental Mindoro,Chili pepper fruit (Siling labuyo),2024 January,80,1/1/2024,36
Oriental Mindoro,Chili pepper fruit (Siling labuyo),2024 February,80,2/1/2024,37
Oriental Mindoro,Chili pepper fruit (Siling labuyo),2024 March,80,3/1/2024,38
Oriental Mindoro,Chili pepper fruit (Siling labuyo),2024 April,80,4/1/2024,39
Oriental Mindoro,Chili pepper fruit (Siling labuyo),2024 May,70,5/1/2024,40
Oriental Mindoro,Chili pepper fruit (Siling labuyo),2024 June,60,6/1/2024,41
Oriental Mindoro,Chili pepper fruit (Siling labuyo),2024 July,45,7/1/2024,42
Oriental Mindoro,Chili pepper fruit (Siling labuyo),2024 August,45,8/1/2024,43
Oriental Mindoro,Chili pepper fruit (Siling labuyo),2024 September,36.36,9/1/2024,44
Oriental Mindoro,Chili pepper fruit (Siling labuyo),2024 October,50,10/1/2024,45
Oriental Mindoro,Chili pepper fruit (Siling labuyo),2024 November,55,11/1/2024,46
Oriental Mindoro,Chili pepper fruit (Siling labuyo),2024 December,60,12/1/2024,47
Oriental Mindoro,Chili pepper fruit (Siling labuyo),2025 January,85,1/1/2025,48
Oriental Mindoro,Chili pepper fruit (Siling labuyo),2025 February,85,2/1/2025,49
Oriental Mindoro,Chili pepper fruit (Siling labuyo),2025 March,80,3/1/2025,50
Oriental Mindoro,Chili pepper fruit (Siling labuyo),2025 July,48.28,7/1/2025,54
Oriental Mindoro,Chili pepper fruit (Siling labuyo),2025 August,50,8/1/2025,55
Oriental Mindoro,Chili pepper fruit (Siling labuyo),2025 September,46.04,9/1/2025,56
Oriental Mindoro,Chili pepper fruit (Siling labuyo),2025 October,50,10/1/2025,57
Oriental Mindoro,Chili pepper fruit (Siling labuyo),2025 November,60,11/1/2025,58
Oriental Mindoro,Chili pepper fruit (Siling labuyo),2025 December,70,12/1/2025,59
Oriental Mindoro,"Garlic, dried bulb",2021 March,70,3/1/2021,2
Oriental Mindoro,"Garlic, dried bulb",2021 April,66.36,4/1/2021,3
Oriental Mindoro,"Garlic, dried bulb",2021 May,76.84,5/1/2021,4
Oriental Mindoro,"Garlic, dried bulb",2021 June,100,6/1/2021,5
Oriental Mindoro,"Garlic, dried bulb",2022 February,58.85,2/1/2022,13
Oriental Mindoro,"Garlic, dried bulb",2022 March,38.73,3/1/2022,14
Oriental Mindoro,"Garlic, dried bulb",2022 April,53.39,4/1/2022,15
Oriental Mindoro,"Garlic, dried bulb",2022 May,73.36,5/1/2022,16
Oriental Mindoro,"Garlic, dried bulb",2023 February,71.57,2/1/2023,25
Oriental Mindoro,"Garlic, dried bulb",2023 March,59.09,3/1/2023,26
Oriental Mindoro,"Garlic, dried bulb",2023 April,69.99,4/1/2023,27
Oriental Mindoro,"Garlic, dried bulb",2023 May,64.9,5/1/2023,28
Oriental Mindoro,"Garlic, dried bulb",2024 April,70,4/1/2024,39
Oriental Mindoro,"Garlic, dried bulb",2024 May,80,5/1/2024,40
Oriental Mindoro,"Garlic, dried bulb",2024 June,80,6/1/2024,41
Oriental Mindoro,"Garlic, dried bulb",2025 April,80,4/1/2025,51
Oriental Mindoro,"Garlic, dried bulb",2025 May,80,5/1/2025,52
Oriental Mindoro,"Garlic, dried bulb",2025 June,80,6/1/2025,53
Oriental Mindoro,"Ginger, Hawaiian",2021 January,47.41,1/1/2021,0
Oriental Mindoro,"Ginger, Hawaiian",2021 February,47.49,2/1/2021,1
Oriental Mindoro,"Ginger, Hawaiian",2021 March,60.69,3/1/2021,2
Oriental Mindoro,"Ginger, Hawaiian",2021 April,55.12,4/1/2021,3
Oriental Mindoro,"Ginger, Hawaiian",2021 May,53.66,5/1/2021,4
Oriental Mindoro,"Ginger, Hawaiian",2021 June,79.38,6/1/2021,5
Oriental Mindoro,"Ginger, Hawaiian",2021 July,78.19,7/1/2021,6
Oriental Mindoro,"Ginger, Hawaiian",2021 August,85.25,8/1/2021,7
Oriental Mindoro,"Ginger, Hawaiian",2021 September,38.73,9/1/2021,8
Oriental Mindoro,"Ginger, Hawaiian",2021 October,37.08,10/1/2021,9
Oriental Mindoro,"Ginger, Hawaiian",2021 November,46.87,11/1/2021,10
Oriental Mindoro,"Ginger, Hawaiian",2021 December,46.31,12/1/2021,11
Oriental Mindoro,"Ginger, Hawaiian",2022 January,29.23,1/1/2022,12
Oriental Mindoro,"Ginger, Hawaiian",2022 February,35.64,2/1/2022,13
Oriental Mindoro,"Ginger, Hawaiian",2022 March,31.3,3/1/2022,14
Oriental Mindoro,"Ginger, Hawaiian",2022 April,31.77,4/1/2022,15
Oriental Mindoro,"Ginger, Hawaiian",2022 May,36.96,5/1/2022,16
Oriental Mindoro,"Ginger, Hawaiian",2022 June,22.33,6/1/2022,17
Oriental Mindoro,"Ginger, Hawaiian",2022 July,25.22,7/1/2022,18
Oriental Mindoro,"Ginger, Hawaiian",2022 August,22.58,8/1/2022,19
Oriental Mindoro,"Ginger, Hawaiian",2022 September,31.39,9/1/2022,20
Oriental Mindoro,"Ginger, Hawaiian",2022 October,31.36,10/1/2022,21
Oriental Mindoro,"Ginger, Hawaiian",2022 November,34.27,11/1/2022,22
Oriental Mindoro,"Ginger, Hawaiian",2022 December,35.07,12/1/2022,23
Oriental Mindoro,"Ginger, Hawaiian",2023 January,32.91,1/1/2023,24
Oriental Mindoro,"Ginger, Hawaiian",2023 February,24.07,2/1/2023,25
Oriental Mindoro,"Ginger, Hawaiian",2023 March,20.99,3/1/2023,26
Oriental Mindoro,"Ginger, Hawaiian",2023 April,24.68,4/1/2023,27
Oriental Mindoro,"Ginger, Hawaiian",2023 May,23.44,5/1/2023,28
Oriental Mindoro,"Ginger, Hawaiian",2023 June,24.39,6/1/2023,29
Oriental Mindoro,"Ginger, Hawaiian",2023 July,21.78,7/1/2023,30
Oriental Mindoro,"Ginger, Hawaiian",2023 August,21.98,8/1/2023,31
Oriental Mindoro,"Ginger, Hawaiian",2023 September,22.37,9/1/2023,32
Oriental Mindoro,"Ginger, Hawaiian",2023 October,31.34,10/1/2023,33
Oriental Mindoro,"Ginger, Hawaiian",2023 November,25.61,11/1/2023,34
Oriental Mindoro,"Ginger, Hawaiian",2023 December,28.02,12/1/2023,35
Oriental Mindoro,"Ginger, Hawaiian",2024 January,30,1/1/2024,36
Oriental Mindoro,"Ginger, Hawaiian",2024 February,25,2/1/2024,37
Oriental Mindoro,"Ginger, Hawaiian",2024 March,20,3/1/2024,38
Oriental Mindoro,"Ginger, Hawaiian",2024 April,25,4/1/2024,39
Oriental Mindoro,"Ginger, Hawaiian",2024 May,25,5/1/2024,40
Oriental Mindoro,"Ginger, Hawaiian",2024 June,30,6/1/2024,41
Oriental Mindoro,"Ginger, Hawaiian",2024 July,30,7/1/2024,42
Oriental Mindoro,"Ginger, Hawaiian",2024 August,30,8/1/2024,43
Oriental Mindoro,"Ginger, Hawaiian",2024 September,32,9/1/2024,44
Oriental Mindoro,"Ginger, Hawaiian",2025 January,30,1/1/2025,48
Oriental Mindoro,"Ginger, Hawaiian",2025 February,28,2/1/2025,49
Oriental Mindoro,"Ginger, Hawaiian",2025 March,22,3/1/2025,50
Oriental Mindoro,"Ginger, Hawaiian",2025 April,30,4/1/2025,51
Oriental Mindoro,"Ginger, Hawaiian",2025 May,30,5/1/2025,52
Oriental Mindoro,"Ginger, Hawaiian",2025 June,35,6/1/2025,53
Oriental Mindoro,"Ginger, Hawaiian",2025 July,30,7/1/2025,54
Oriental Mindoro,"Ginger, Hawaiian",2025 August,30,8/1/2025,55
Oriental Mindoro,"Ginger, Hawaiian",2025 September,35,9/1/2025,56
Oriental Mindoro,"Ginger, Hawaiian",2025 October,40,10/1/2025,57
Oriental Mindoro,"Ginger, Hawaiian",2025 November,40,11/1/2025,58
Oriental Mindoro,"Ginger, Hawaiian",2025 December,40,12/1/2025,59
Oriental Mindoro,"Ginger, Native",2024 April,40,4/1/2024,39
Oriental Mindoro,"Onion, red creole (Bermuda red)",2021 March,39.29,3/1/2021,2
Oriental Mindoro,"Onion, red creole (Bermuda red)",2021 April,39.27,4/1/2021,3
Oriental Mindoro,"Onion, red creole (Bermuda red)",2021 May,54.38,5/1/2021,4
Oriental Mindoro,"Onion, red creole (Bermuda red)",2021 June,53.18,6/1/2021,5
Oriental Mindoro,"Onion, red creole (Bermuda red)",2022 February,23.59,2/1/2022,13
Oriental Mindoro,"Onion, red creole (Bermuda red)",2022 March,16.61,3/1/2022,14
Oriental Mindoro,"Onion, red creole (Bermuda red)",2022 April,27.65,4/1/2022,15
Oriental Mindoro,"Onion, red creole (Bermuda red)",2022 May,29.76,5/1/2022,16
Oriental Mindoro,"Onion, red creole (Bermuda red)",2023 February,48.67,2/1/2023,25
Oriental Mindoro,"Onion, red creole (Bermuda red)",2023 March,40.74,3/1/2023,26
Oriental Mindoro,"Onion, red creole (Bermuda red)",2023 April,57.5,4/1/2023,27
Oriental Mindoro,"Onion, red creole (Bermuda red)",2023 May,56.22,5/1/2023,28
Oriental Mindoro,"Onion, red creole (Bermuda red)",2024 February,38,2/1/2024,37
Oriental Mindoro,"Onion, red creole (Bermuda red)",2024 March,35.18,3/1/2024,38
Oriental Mindoro,"Onion, red creole (Bermuda red)",2024 April,40,4/1/2024,39
Oriental Mindoro,"Onion, red creole (Bermuda red)",2024 May,50,5/1/2024,40
Oriental Mindoro,"Onion, red creole (Bermuda red)",2025 February,35,2/1/2025,49
Oriental Mindoro,"Onion, red creole (Bermuda red)",2025 March,35.5,3/1/2025,50
Oriental Mindoro,"Onion, red creole (Bermuda red)",2025 April,38,4/1/2025,51
Oriental Mindoro,"Onion, red creole (Bermuda red)",2025 May,45,5/1/2025,52
Oriental Mindoro,Paminta [Black pepper],2021 January,313.33,1/1/2021,0
Oriental Mindoro,Paminta [Black pepper],2021 February,263.01,2/1/2021,1
Oriental Mindoro,Paminta [Black pepper],2021 March,282.22,3/1/2021,2
Oriental Mindoro,Paminta [Black pepper],2021 April,289.62,4/1/2021,3
Oriental Mindoro,Paminta [Black pepper],2021 May,293.4,5/1/2021,4
Oriental Mindoro,Paminta [Black pepper],2021 June,296.05,6/1/2021,5
Oriental Mindoro,Paminta [Black pepper],2021 July,327.94,7/1/2021,6
Oriental Mindoro,Paminta [Black pepper],2021 August,267.06,8/1/2021,7
Oriental Mindoro,Paminta [Black pepper],2021 September,285.09,9/1/2021,8
Oriental Mindoro,Paminta [Black pepper],2021 October,262.04,10/1/2021,9
Oriental Mindoro,Paminta [Black pepper],2021 November,227.18,11/1/2021,10
Oriental Mindoro,Paminta [Black pepper],2021 December,264.83,12/1/2021,11
Oriental Mindoro,Paminta [Black pepper],2022 January,293.08,1/1/2022,12
Oriental Mindoro,Paminta [Black pepper],2022 February,289.72,2/1/2022,13
Oriental Mindoro,Paminta [Black pepper],2022 March,212.88,3/1/2022,14
Oriental Mindoro,Paminta [Black pepper],2022 April,268.62,4/1/2022,15
Oriental Mindoro,Paminta [Black pepper],2022 May,265.46,5/1/2022,16
Oriental Mindoro,Paminta [Black pepper],2022 June,244.68,6/1/2022,17
Oriental Mindoro,Paminta [Black pepper],2022 July,288.57,7/1/2022,18
Oriental Mindoro,Paminta [Black pepper],2022 August,311.77,8/1/2022,19
Oriental Mindoro,Paminta [Black pepper],2022 September,267.27,9/1/2022,20
Oriental Mindoro,Paminta [Black pepper],2022 October,268.1,10/1/2022,21
Oriental Mindoro,Paminta [Black pepper],2022 November,273.73,11/1/2022,22
Oriental Mindoro,Paminta [Black pepper],2022 December,279.73,12/1/2022,23
Oriental Mindoro,Paminta [Black pepper],2023 January,330.61,1/1/2023,24
Oriental Mindoro,Paminta [Black pepper],2023 February,311.8,2/1/2023,25
Oriental Mindoro,Paminta [Black pepper],2023 March,288.96,3/1/2023,26
Oriental Mindoro,Paminta [Black pepper],2023 April,267.08,4/1/2023,27
Oriental Mindoro,Paminta [Black pepper],2023 May,226.79,5/1/2023,28
Oriental Mindoro,Paminta [Black pepper],2023 June,257.96,6/1/2023,29
Oriental Mindoro,Paminta [Black pepper],2023 July,309.29,7/1/2023,30
Oriental Mindoro,Paminta [Black pepper],2023 August,295.33,8/1/2023,31
Oriental Mindoro,Paminta [Black pepper],2023 September,293.49,9/1/2023,32
Oriental Mindoro,Paminta [Black pepper],2023 October,297.14,10/1/2023,33
Oriental Mindoro,Paminta [Black pepper],2023 November,316.89,11/1/2023,34
Oriental Mindoro,Paminta [Black pepper],2023 December,313.87,12/1/2023,35
Oriental Mindoro,Paminta [Black pepper],2024 January,330,1/1/2024,36
Oriental Mindoro,Paminta [Black pepper],2024 February,320,2/1/2024,37
Oriental Mindoro,Paminta [Black pepper],2024 March,320,3/1/2024,38
Oriental Mindoro,Paminta [Black pepper],2024 April,350,4/1/2024,39
Oriental Mindoro,Paminta [Black pepper],2024 May,350,5/1/2024,40
Oriental Mindoro,Paminta [Black pepper],2024 June,400,6/1/2024,41
Oriental Mindoro,Paminta [Black pepper],2024 July,360,7/1/2024,42
Oriental Mindoro,Paminta [Black pepper],2024 August,360,8/1/2024,43
Oriental Mindoro,Paminta [Black pepper],2024 September,201.36,9/1/2024,44
Oriental Mindoro,Paminta [Black pepper],2025 January,400,1/1/2025,48
Oriental Mindoro,Paminta [Black pepper],2025 February,380,2/1/2025,49
Oriental Mindoro,Paminta [Black pepper],2025 March,350,3/1/2025,50
Oriental Mindoro,Paminta [Black pepper],2025 April,350,4/1/2025,51
Oriental Mindoro,Paminta [Black pepper],2025 May,380,5/1/2025,52
Oriental Mindoro,Paminta [Black pepper],2025 June,400,6/1/2025,53
Oriental Mindoro,Paminta [Black pepper],2025 July,400,7/1/2025,54
Oriental Mindoro,Paminta [Black pepper],2025 August,380,8/1/2025,55
Oriental Mindoro,Paminta [Black pepper],2025 September,350,9/1/2025,56
Oriental Mindoro,Paminta [Black pepper],2025 October,380,10/1/2025,57
Oriental Mindoro,Paminta [Black pepper],2025 November,400,11/1/2025,58
Oriental Mindoro,Paminta [Black pepper],2025 December,400,12/1/2025,59
Oriental Mindoro,"Pepper, bell",2024 April,150,4/1/2024,39
Oriental Mindoro,"Pepper, bell",2024 May,160,5/1/2024,40
Oriental Mindoro,"Pepper, bell",2024 June,170,6/1/2024,41
Oriental Mindoro,"Pepper, bell",2024 July,170,7/1/2024,42
Oriental Mindoro,"Pepper, bell",2024 August,175,8/1/2024,43
Oriental Mindoro,"Pepper, bell",2024 September,175,9/1/2024,44
Oriental Mindoro,"Pepper, bell",2025 April,160,4/1/2025,51
Oriental Mindoro,"Pepper, bell",2025 May,170,5/1/2025,52
Oriental Mindoro,"Pepper, bell",2025 June,175,6/1/2025,53
Oriental Mindoro,"Pepper, bell",2025 July,175,7/1/2025,54
Oriental Mindoro,"Pepper, bell",2025 August,175,8/1/2025,55
Oriental Mindoro,"Pepper, bell",2025 September,175,9/1/2025,56
Oriental Mindoro,"Pepper, bell",2025 October,175,10/1/2025,57
Oriental Mindoro,"Pepper, bell",2025 November,180,11/1/2025,58
Oriental Mindoro,"Pepper, bell",2025 December,182,12/1/2025,59
Oriental Mindoro,"Pepper, finger",2021 January,54.63,1/1/2021,0
Oriental Mindoro,"Pepper, finger",2021 February,37.29,2/1/2021,1
Oriental Mindoro,"Pepper, finger",2021 March,29.33,3/1/2021,2
Oriental Mindoro,"Pepper, finger",2021 April,21.95,4/1/2021,3
Oriental Mindoro,"Pepper, finger",2021 May,17.75,5/1/2021,4
Oriental Mindoro,"Pepper, finger",2021 June,24.99,6/1/2021,5
Oriental Mindoro,"Pepper, finger",2021 July,24.67,7/1/2021,6
Oriental Mindoro,"Pepper, finger",2021 August,34.77,8/1/2021,7
Oriental Mindoro,"Pepper, finger",2021 September,49.56,9/1/2021,8
Oriental Mindoro,"Pepper, finger",2021 October,41.7,10/1/2021,9
Oriental Mindoro,"Pepper, finger",2021 November,42.34,11/1/2021,10
Oriental Mindoro,"Pepper, finger",2021 December,32.09,12/1/2021,11
Oriental Mindoro,"Pepper, finger",2022 January,29.8,1/1/2022,12
Oriental Mindoro,"Pepper, finger",2022 February,32.45,2/1/2022,13
Oriental Mindoro,"Pepper, finger",2022 March,38.42,3/1/2022,14
Oriental Mindoro,"Pepper, finger",2022 April,41.69,4/1/2022,15
Oriental Mindoro,"Pepper, finger",2022 May,48.89,5/1/2022,16
Oriental Mindoro,"Pepper, finger",2022 June,42.69,6/1/2022,17
Oriental Mindoro,"Pepper, finger",2022 July,35.32,7/1/2022,18
Oriental Mindoro,"Pepper, finger",2022 August,36.28,8/1/2022,19
Oriental Mindoro,"Pepper, finger",2022 September,32.07,9/1/2022,20
Oriental Mindoro,"Pepper, finger",2022 October,31.86,10/1/2022,21
Oriental Mindoro,"Pepper, finger",2022 November,42.89,11/1/2022,22
Oriental Mindoro,"Pepper, finger",2022 December,47.7,12/1/2022,23
Oriental Mindoro,"Pepper, finger",2023 January,46.26,1/1/2023,24
Oriental Mindoro,"Pepper, finger",2023 February,34.29,2/1/2023,25
Oriental Mindoro,"Pepper, finger",2023 March,37.94,3/1/2023,26
Oriental Mindoro,"Pepper, finger",2023 April,34.76,4/1/2023,27
Oriental Mindoro,"Pepper, finger",2023 May,28.04,5/1/2023,28
Oriental Mindoro,"Pepper, finger",2023 June,27.46,6/1/2023,29
Oriental Mindoro,"Pepper, finger",2023 July,26.95,7/1/2023,30
Oriental Mindoro,"Pepper, finger",2023 August,31.86,8/1/2023,31
Oriental Mindoro,"Pepper, finger",2023 September,34.94,9/1/2023,32
Oriental Mindoro,"Pepper, finger",2023 October,35.32,10/1/2023,33
Oriental Mindoro,"Pepper, finger",2023 November,36.6,11/1/2023,34
Oriental Mindoro,"Pepper, finger",2023 December,33.07,12/1/2023,35
Oriental Mindoro,"Pepper, finger",2024 January,37.71,1/1/2024,36
Oriental Mindoro,"Pepper, finger",2024 February,30.39,2/1/2024,37
Oriental Mindoro,"Pepper, finger",2024 March,33.42,3/1/2024,38
Oriental Mindoro,"Pepper, finger",2024 April,33.98,4/1/2024,39
Oriental Mindoro,"Pepper, finger",2024 May,33.64,5/1/2024,40
Oriental Mindoro,"Pepper, finger",2024 June,34.09,6/1/2024,41
Oriental Mindoro,"Pepper, finger",2024 July,50,7/1/2024,42
Oriental Mindoro,"Pepper, finger",2024 August,40,8/1/2024,43
Oriental Mindoro,"Pepper, finger",2024 September,40,9/1/2024,44
Oriental Mindoro,"Pepper, finger",2025 April,30,4/1/2025,51
Oriental Mindoro,"Pepper, finger",2025 May,30,5/1/2025,52
Oriental Mindoro,"Pepper, finger",2025 July,28,7/1/2025,54
Oriental Mindoro,"Pepper, finger",2025 August,30,8/1/2025,55
Oriental Mindoro,"Pepper, finger",2025 September,31.31,9/1/2025,56
Oriental Mindoro,"Pepper, finger",2025 October,35,10/1/2025,57
Oriental Mindoro,"Pepper, finger",2025 November,40,11/1/2025,58
Oriental Mindoro,"Pepper, finger",2025 December,40,12/1/2025,59
Palawan,"Ginger, Hawaiian",2021 January,36.23,1/1/2021,0
Palawan,"Ginger, Hawaiian",2021 February,44.92,2/1/2021,1
Palawan,"Ginger, Hawaiian",2021 March,41.01,3/1/2021,2
Palawan,"Ginger, Hawaiian",2021 April,34.07,4/1/2021,3
Palawan,"Ginger, Hawaiian",2021 May,45.92,5/1/2021,4
Palawan,"Ginger, Hawaiian",2021 June,45.79,6/1/2021,5
Palawan,"Ginger, Hawaiian",2021 July,43.77,7/1/2021,6
Palawan,"Ginger, Hawaiian",2021 August,45.33,8/1/2021,7
Palawan,"Ginger, Hawaiian",2021 September,44.63,9/1/2021,8
Palawan,"Ginger, Hawaiian",2021 October,38.31,10/1/2021,9
Palawan,"Ginger, Hawaiian",2021 November,28.98,11/1/2021,10
Palawan,"Ginger, Hawaiian",2021 December,29.42,12/1/2021,11
Palawan,"Ginger, Hawaiian",2022 January,32.67,1/1/2022,12
Palawan,"Ginger, Hawaiian",2022 February,29.23,2/1/2022,13
Palawan,"Ginger, Hawaiian",2022 March,28.68,3/1/2022,14
Palawan,"Ginger, Hawaiian",2022 April,26.71,4/1/2022,15
Palawan,"Ginger, Hawaiian",2022 May,30.64,5/1/2022,16
Palawan,"Ginger, Hawaiian",2022 June,43.7,6/1/2022,17
Palawan,"Ginger, Hawaiian",2022 July,32.56,7/1/2022,18
Palawan,"Ginger, Hawaiian",2022 August,29.31,8/1/2022,19
Palawan,"Ginger, Hawaiian",2022 September,20.3,9/1/2022,20
Palawan,"Ginger, Hawaiian",2022 October,26.04,10/1/2022,21
Palawan,"Ginger, Hawaiian",2022 November,26.48,11/1/2022,22
Palawan,"Ginger, Hawaiian",2022 December,22.84,12/1/2022,23
Palawan,"Ginger, Hawaiian",2023 January,27.41,1/1/2023,24
Palawan,"Ginger, Hawaiian",2023 February,24.13,2/1/2023,25
Palawan,"Ginger, Hawaiian",2023 March,27.53,3/1/2023,26
Palawan,"Ginger, Hawaiian",2023 April,21.75,4/1/2023,27
Palawan,"Ginger, Hawaiian",2023 May,25.06,5/1/2023,28
Palawan,"Ginger, Hawaiian",2023 June,24.45,6/1/2023,29
Palawan,"Ginger, Hawaiian",2023 July,22.3,7/1/2023,30
Palawan,"Ginger, Hawaiian",2023 August,25.29,8/1/2023,31
Palawan,"Ginger, Hawaiian",2023 September,24.33,9/1/2023,32
Palawan,"Ginger, Hawaiian",2023 October,27.22,10/1/2023,33
Palawan,"Ginger, Hawaiian",2023 November,25.33,11/1/2023,34
Palawan,"Ginger, Hawaiian",2023 December,27.24,12/1/2023,35
Palawan,"Ginger, Hawaiian",2024 January,25,1/1/2024,36
Palawan,"Ginger, Hawaiian",2024 February,25,2/1/2024,37
Palawan,"Ginger, Hawaiian",2024 March,25,3/1/2024,38
Palawan,"Ginger, Hawaiian",2024 July,30,7/1/2024,42
Palawan,"Ginger, Hawaiian",2024 August,25,8/1/2024,43
Palawan,"Ginger, Hawaiian",2024 September,25,9/1/2024,44
Palawan,"Ginger, Native",2025 October,40,10/1/2025,57
Palawan,"Ginger, Native",2025 November,40,11/1/2025,58
Palawan,"Ginger, Native",2025 December,40,12/1/2025,59
Palawan,Paminta [Black pepper],2024 July,200,7/1/2024,42
Palawan,Paminta [Black pepper],2024 August,200,8/1/2024,43
Palawan,Paminta [Black pepper],2024 September,200,9/1/2024,44
Palawan,"Pepper, bell",2021 January,87.12,1/1/2021,0
Palawan,"Pepper, bell",2021 February,80.54,2/1/2021,1
Palawan,"Pepper, bell",2021 March,70.16,3/1/2021,2
Palawan,"Pepper, bell",2021 April,72.29,4/1/2021,3
Palawan,"Pepper, bell",2021 May,53.09,5/1/2021,4
Palawan,"Pepper, bell",2021 June,54.49,6/1/2021,5
Palawan,"Pepper, bell",2021 July,49.94,7/1/2021,6
Palawan,"Pepper, bell",2021 August,78.07,8/1/2021,7
Palawan,"Pepper, bell",2021 September,88.26,9/1/2021,8
Palawan,"Pepper, bell",2021 October,71.17,10/1/2021,9
Palawan,"Pepper, bell",2021 November,125.92,11/1/2021,10
Palawan,"Pepper, bell",2021 December,139.89,12/1/2021,11
Palawan,"Pepper, bell",2022 January,90.48,1/1/2022,12
Palawan,"Pepper, bell",2022 February,101.93,2/1/2022,13
Palawan,"Pepper, bell",2022 March,80.05,3/1/2022,14
Palawan,"Pepper, bell",2022 April,63.06,4/1/2022,15
Palawan,"Pepper, bell",2022 May,65.54,5/1/2022,16
Palawan,"Pepper, bell",2022 June,51.1,6/1/2022,17
Palawan,"Pepper, bell",2022 July,99.21,7/1/2022,18
Palawan,"Pepper, bell",2022 August,107.25,8/1/2022,19
Palawan,"Pepper, bell",2022 September,84.58,9/1/2022,20
Palawan,"Pepper, bell",2022 October,94.62,10/1/2022,21
Palawan,"Pepper, bell",2022 November,91.16,11/1/2022,22
Palawan,"Pepper, bell",2022 December,117.53,12/1/2022,23
Palawan,"Pepper, bell",2023 January,125.42,1/1/2023,24
Palawan,"Pepper, bell",2023 February,103.25,2/1/2023,25
Palawan,"Pepper, bell",2023 March,100,3/1/2023,26
Palawan,"Pepper, bell",2023 April,84.06,4/1/2023,27
Palawan,"Pepper, bell",2023 May,97.95,5/1/2023,28
Palawan,"Pepper, bell",2023 June,86.34,6/1/2023,29
Palawan,"Pepper, bell",2023 July,79.82,7/1/2023,30
Palawan,"Pepper, bell",2023 August,87.99,8/1/2023,31
Palawan,"Pepper, bell",2023 September,93.93,9/1/2023,32
Palawan,"Pepper, bell",2023 October,80.63,10/1/2023,33
Palawan,"Pepper, bell",2023 November,85.23,11/1/2023,34
Palawan,"Pepper, bell",2023 December,100.34,12/1/2023,35
Palawan,"Pepper, bell",2024 January,200,1/1/2024,36
Palawan,"Pepper, bell",2024 February,200,2/1/2024,37
Palawan,"Pepper, bell",2024 May,48.89,5/1/2024,40
Palawan,"Pepper, bell",2024 July,80,7/1/2024,42
Palawan,"Pepper, bell",2024 August,75,8/1/2024,43
Palawan,"Pepper, bell",2024 September,80,9/1/2024,44
Palawan,"Pepper, bell",2024 November,60,11/1/2024,46
Palawan,"Pepper, bell",2025 August,100,8/1/2025,55
Palawan,"Pepper, finger",2021 January,75.79,1/1/2021,0
Palawan,"Pepper, finger",2021 February,62.24,2/1/2021,1
Palawan,"Pepper, finger",2021 March,53.24,3/1/2021,2
Palawan,"Pepper, finger",2021 April,48.69,4/1/2021,3
Palawan,"Pepper, finger",2021 May,36.59,5/1/2021,4
Palawan,"Pepper, finger",2021 June,33.76,6/1/2021,5
Palawan,"Pepper, finger",2021 July,27.52,7/1/2021,6
Palawan,"Pepper, finger",2021 August,57.21,8/1/2021,7
Palawan,"Pepper, finger",2021 September,55.58,9/1/2021,8
Palawan,"Pepper, finger",2021 October,65.47,10/1/2021,9
Palawan,"Pepper, finger",2021 November,95.97,11/1/2021,10
Palawan,"Pepper, finger",2021 December,96.73,12/1/2021,11
Palawan,"Pepper, finger",2022 January,83.53,1/1/2022,12
Palawan,"Pepper, finger",2022 February,82.99,2/1/2022,13
Palawan,"Pepper, finger",2022 March,73.23,3/1/2022,14
Palawan,"Pepper, finger",2022 April,44.29,4/1/2022,15
Palawan,"Pepper, finger",2022 May,40.28,5/1/2022,16
Palawan,"Pepper, finger",2022 June,49.69,6/1/2022,17
Palawan,"Pepper, finger",2022 July,65.49,7/1/2022,18
Palawan,"Pepper, finger",2022 August,64.33,8/1/2022,19
Palawan,"Pepper, finger",2022 September,57.4,9/1/2022,20
Palawan,"Pepper, finger",2022 October,43.25,10/1/2022,21
Palawan,"Pepper, finger",2022 November,35.13,11/1/2022,22
Palawan,"Pepper, finger",2022 December,71.71,12/1/2022,23
Palawan,"Pepper, finger",2023 January,95.54,1/1/2023,24
Palawan,"Pepper, finger",2023 February,82.52,2/1/2023,25
Palawan,"Pepper, finger",2023 March,75.18,3/1/2023,26
Palawan,"Pepper, finger",2023 April,61.74,4/1/2023,27
Palawan,"Pepper, finger",2023 May,52.74,5/1/2023,28
Palawan,"Pepper, finger",2023 June,44.92,6/1/2023,29
Palawan,"Pepper, finger",2023 July,57.52,7/1/2023,30
Palawan,"Pepper, finger",2023 August,63.84,8/1/2023,31
Palawan,"Pepper, finger",2023 September,53.2,9/1/2023,32
Palawan,"Pepper, finger",2023 October,60.15,10/1/2023,33
Palawan,"Pepper, finger",2023 November,67.44,11/1/2023,34
Palawan,"Pepper, finger",2023 December,73.16,12/1/2023,35
Palawan,"Pepper, finger",2024 November,45.07,11/1/2024,46
Palawan,"Pepper, finger",2025 May,50,5/1/2025,52
Palawan,"Pepper, finger",2025 June,50,6/1/2025,53
Palawan,"Pepper, finger",2025 August,93.45,8/1/2025,55
Palawan,"Pepper, finger",2025 September,70,9/1/2025,56
Romblon,Chili pepper fruit (Siling labuyo),2024 March,146.67,3/1/2024,38
Romblon,Chili pepper fruit (Siling labuyo),2024 April,150,4/1/2024,39
Romblon,Chili pepper fruit (Siling labuyo),2024 May,140,5/1/2024,40
Romblon,Chili pepper fruit (Siling labuyo),2024 June,150,6/1/2024,41
Romblon,Chili pepper fruit (Siling labuyo),2024 August,150,8/1/2024,43
Romblon,Chili pepper fruit (Siling labuyo),2024 November,298.75,11/1/2024,46
Romblon,Chili pepper fruit (Siling labuyo),2025 March,150,3/1/2025,50
Romblon,Chili pepper fruit (Siling labuyo),2025 April,150,4/1/2025,51
Romblon,Chili pepper fruit (Siling labuyo),2025 May,150,5/1/2025,52
Romblon,Chili pepper fruit (Siling labuyo),2025 June,150,6/1/2025,53
Romblon,Chili pepper fruit (Siling labuyo),2025 July,120,7/1/2025,54
Romblon,Chili pepper fruit (Siling labuyo),2025 August,100,8/1/2025,55
Romblon,Chili pepper fruit (Siling labuyo),2025 September,99.49,9/1/2025,56
Romblon,Chili pepper fruit (Siling labuyo),2025 October,100,10/1/2025,57
Romblon,Chili pepper fruit (Siling labuyo),2025 November,100,11/1/2025,58
Romblon,Chili pepper fruit (Siling labuyo),2025 December,100,12/1/2025,59
Romblon,"Garlic, dried bulb",2021 April,110.48,4/1/2021,3
Romblon,"Garlic, dried bulb",2021 May,101.5,5/1/2021,4
Romblon,"Garlic, dried bulb",2022 April,111.58,4/1/2022,15
Romblon,"Garlic, dried bulb",2022 May,116.14,5/1/2022,16
Romblon,"Garlic, dried bulb",2023 April,110.94,4/1/2023,27
Romblon,"Garlic, dried bulb",2024 April,100,4/1/2024,39
Romblon,"Garlic, dried bulb",2025 April,120,4/1/2025,51
Romblon,"Ginger, Native",2024 February,50,2/1/2024,37
Romblon,"Ginger, Native",2024 April,50,4/1/2024,39
Romblon,"Ginger, Native",2024 May,50,5/1/2024,40
Romblon,"Ginger, Native",2024 June,50,6/1/2024,41
Romblon,"Ginger, Native",2024 July,55,7/1/2024,42
Romblon,"Ginger, Native",2024 August,55,8/1/2024,43
Romblon,"Ginger, Native",2024 September,50,9/1/2024,44
Romblon,"Ginger, Native",2025 February,60,2/1/2025,49
Romblon,"Ginger, Native",2025 March,60,3/1/2025,50
Romblon,"Ginger, Native",2025 April,60,4/1/2025,51
Romblon,"Ginger, Native",2025 May,60,5/1/2025,52
Romblon,"Ginger, Native",2025 June,60,6/1/2025,53
Romblon,"Ginger, Native",2025 July,60,7/1/2025,54
Romblon,"Ginger, Native",2025 August,60,8/1/2025,55
Romblon,"Ginger, Native",2025 September,60,9/1/2025,56
Romblon,"Ginger, Native",2025 October,60,10/1/2025,57
Romblon,"Ginger, Native",2025 November,60,11/1/2025,58
Romblon,"Ginger, Native",2025 December,60,12/1/2025,59
Romblon,Paminta [Black pepper],2025 January,65,1/1/2025,48
Romblon,Paminta [Black pepper],2025 February,65,2/1/2025,49
Romblon,Paminta [Black pepper],2025 March,65,3/1/2025,50
Romblon,"Pepper, bell",2024 April,150,4/1/2024,39
Romblon,"Pepper, bell",2024 May,150,5/1/2024,40
Romblon,"Pepper, bell",2024 June,150,6/1/2024,41
Romblon,"Pepper, finger",2024 January,50,1/1/2024,36
Romblon,"Pepper, finger",2024 February,73.04,2/1/2024,37
Romblon,"Pepper, finger",2024 March,70,3/1/2024,38
Romblon,"Pepper, finger",2024 August,70,8/1/2024,43
Romblon,"Pepper, finger",2024 October,80,10/1/2024,45
Romblon,"Pepper, finger",2024 November,79,11/1/2024,46
Romblon,"Pepper, finger",2025 January,90,1/1/2025,48
Romblon,"Pepper, finger",2025 February,95,2/1/2025,49
Romblon,"Pepper, finger",2025 August,60,8/1/2025,55
Romblon,"Pepper, finger",2025 September,60,9/1/2025,56
Romblon,"Pepper, finger",2025 October,115,10/1/2025,57
Romblon,"Pepper, finger",2025 November,116.85,11/1/2025,58
Romblon,"Pepper, finger",2025 December,115,12/1/2025,59
